-- phpMyAdmin SQL Dump
-- version 4.8.5
-- https://www.phpmyadmin.net/
--
-- Host: 127.0.0.1
-- Waktu pembuatan: 05 Agu 2020 pada 16.59
-- Versi server: 10.1.38-MariaDB
-- Versi PHP: 7.3.3

SET SQL_MODE = "NO_AUTO_VALUE_ON_ZERO";
SET AUTOCOMMIT = 0;
START TRANSACTION;
SET time_zone = "+00:00";


/*!40101 SET @OLD_CHARACTER_SET_CLIENT=@@CHARACTER_SET_CLIENT */;
/*!40101 SET @OLD_CHARACTER_SET_RESULTS=@@CHARACTER_SET_RESULTS */;
/*!40101 SET @OLD_COLLATION_CONNECTION=@@COLLATION_CONNECTION */;
/*!40101 SET NAMES utf8mb4 */;

--
-- Database: `dblabfik`
--

-- --------------------------------------------------------

--
-- Struktur dari tabel `booking`
--

CREATE TABLE `booking` (
  `id` varchar(64) NOT NULL,
  `id_peminjam` varchar(64) NOT NULL,
  `id_ruangan` varchar(64) NOT NULL,
  `date` date NOT NULL,
  `date_declined` date NOT NULL,
  `time` varchar(100) NOT NULL,
  `keterangan` varchar(255) NOT NULL,
  `status` varchar(50) NOT NULL,
  `date_created` datetime NOT NULL DEFAULT CURRENT_TIMESTAMP
) ENGINE=InnoDB DEFAULT CHARSET=utf8mb4;

--
-- Dumping data untuk tabel `booking`
--

INSERT INTO `booking` (`id`, `id_peminjam`, `id_ruangan`, `date`, `date_declined`, `time`, `keterangan`, `status`, `date_created`) VALUES
('5f17a08ae0d85', '38', '5f15e3276fe2b', '2020-07-23', '0000-00-00', '07.30 - 08.30, 08.30 - 09.30', 'Kelas', 'Diterima', '2020-07-25 18:37:26'),
('5f17c81e23361', '5f140497dd7ef', '17', '2020-07-22', '0000-00-00', '08.30 - 09.30, 09.30 - 10.30, 10.30 - 11.30', 'Kelas Pengganti', 'Diterima', '2020-07-25 18:37:26'),
('5f17d4cd66afd', '38', '5f15e3276fe2b', '0000-00-00', '2020-07-22', '10.30 - 11.30, 11.30 - 12.30, 12.30 - 13.30', 'Kelas', 'Ditolak', '2020-07-25 18:37:26'),
('5f17d96f202c2', '38', '5f15e3276fe2b', '0000-00-00', '2020-07-22', '06.30 - 07.30, 07.30 - 08.30', 'tes', 'Ditolak', '2020-07-25 18:37:26'),
('5f18707b13a27', '38', '5f15e3276fe2b', '2020-07-22', '0000-00-00', '13.30 - 14.30', 'Kelas', 'Diterima', '2020-07-25 18:37:26'),
('5f190ddf205c0', '44', '17', '0000-00-00', '2020-07-23', '06.30 - 07.30, 07.30 - 08.30', 'Test', 'Ditolak', '2020-07-25 18:37:26'),
('5f1913f13985f', '44', '17', '2020-07-23', '0000-00-00', '08.30 - 09.30, 09.30 - 10.30', 'Testing', 'Menunggu Acc', '2020-07-25 18:37:26'),
('5f1943bf71f4f', '44', '5f15e3276fe2b', '2020-07-23', '0000-00-00', '09.30 - 10.30, 10.30 - 11.30, 11.30 - 12.30', 'Testing', 'Menunggu Acc', '2020-07-25 18:37:26'),
('5f1a463028b0b', '44', '5f15e3276fe2b', '0000-00-00', '2020-07-24', '07.30 - 08.30', 'Kelas Pengganti', 'Ditolak', '2020-07-25 18:37:26'),
('5f1a467fec338', '44', '5f15e3276fe2b', '2020-07-24', '0000-00-00', '08.30 - 09.30, 09.30 - 10.30', 'Testing', 'Menunggu Acc', '2020-07-25 18:37:26'),
('5f1a5673a36e5', '44', '5f15e3276fe2b', '2020-07-24', '0000-00-00', '14.30 - 15.30, 15.30 - 16.30, 16.30 - 17.30', 'Testing', 'Menunggu Acc', '2020-07-25 18:37:26'),
('5f1a5d8261d27', '44', '5f15e3276fe2b', '2020-07-24', '0000-00-00', '12.30 - 13.30, 13.30 - 14.30', 'kelas', 'Menunggu Acc', '2020-07-25 18:37:26'),
('5f1a5dfe86920', '44', '5f15e3276fe2b', '2020-07-24', '0000-00-00', '06.30 - 07.30, 07.30 - 08.30', 'kelas', 'Diterima', '2020-07-25 18:37:26'),
('5f1c1a532425f', '5f140497dd7ef', '17', '2020-07-25', '0000-00-00', '08.30 - 09.30, 09.30 - 10.30, 10.30 - 11.30', 'Booking by Admin', 'Menunggu Acc', '2020-07-25 18:41:07'),
('5f1d2a87278ce', '44', '1', '0000-00-00', '2020-07-26', '13.30 - 14.30, 14.30 - 15.30, 15.30 - 16.30', 'Testing for schedule', 'Ditolak', '2020-07-26 14:02:31');

-- --------------------------------------------------------

--
-- Struktur dari tabel `borrowing`
--

CREATE TABLE `borrowing` (
  `id` varchar(64) CHARACTER SET utf8mb4 NOT NULL,
  `user_id` varchar(64) CHARACTER SET utf8mb4 NOT NULL,
  `item_id` varchar(64) CHARACTER SET utf8mb4 NOT NULL,
  `quantity` int(11) NOT NULL,
  `start` datetime NOT NULL,
  `end` datetime NOT NULL,
  `reason` text CHARACTER SET utf8mb4 NOT NULL,
  `status` enum('Menunggu_Izin','Diterima','Ditolak','Selesai') CHARACTER SET utf8mb4 NOT NULL
) ENGINE=InnoDB DEFAULT CHARSET=latin1;

--
-- Dumping data untuk tabel `borrowing`
--

INSERT INTO `borrowing` (`id`, `user_id`, `item_id`, `quantity`, `start`, `end`, `reason`, `status`) VALUES
('5f144770c3d1f', '38', '5f12ce7d3da21', 1, '2020-07-19 20:15:00', '2020-07-19 21:16:00', 'muhammad sulthan', 'Diterima'),
('5f144781517af', '38', '5f12cdf2debfe', 1, '2020-07-20 20:15:00', '2020-07-20 21:16:00', 'talisha eta', 'Diterima'),
('5f1448e35a109', '8', '5f12ccfe4afe8', 1, '2020-07-19 20:21:00', '2020-07-19 21:21:00', 'coba pinjam', 'Ditolak'),
('5f1448f6a10c3', '8', '5f12cd6abdba2', 1, '2020-07-19 23:21:00', '2020-07-20 01:21:00', 'pinjam yang ini juga', 'Diterima'),
('5f147de8b1006', '8', '5f12ccfe4afe8', 1, '2020-07-20 00:07:00', '2020-07-21 00:07:00', 'untuk uji coba', 'Ditolak'),
('5f150944e9609', '8', '5f12ccfe4afe8', 1, '2020-07-20 12:02:00', '2020-07-20 13:02:00', 'testing', 'Diterima'),
('5f150c74adc88', '8', '5f12ce7d3da21', 1, '2020-07-20 10:15:00', '2020-07-20 11:16:00', 'untuk kelas', 'Diterima'),
('5f1513bc63bfb', '38', '5f12ce7d3da21', 1, '2020-07-20 10:46:00', '2020-07-20 11:47:00', 'untuk kelas', 'Diterima'),
('5f1be6c8ac198', '8', '5f12ccfe4afe8', 1, '2020-07-25 15:01:00', '2020-07-25 16:01:00', 'testing notifikasi', 'Diterima'),
('5f1be80d5cc11', '8', '5f12ccfe4afe8', 1, '2020-07-25 15:06:00', '2020-07-25 16:06:00', 'test notifikasi', 'Ditolak'),
('5f1be87feef78', '8', '5f12ccfe4afe8', 1, '2020-07-25 15:08:00', '2020-07-25 16:08:00', 'test notifikasi peminjaman barang', 'Ditolak'),
('5f1be918cc49f', '8', '5f12ccfe4afe8', 1, '2020-07-25 15:11:00', '2020-07-25 16:11:00', 'test peminjaman barang', 'Ditolak'),
('5f1e7dfa80b9d', '5f1e7dc5ca07e', '5f12ce7d3da21', 1, '2020-07-02 14:10:00', '2020-07-03 14:10:00', 'kelas', 'Diterima'),
('5f1e8016bf045', '5f1e7dc5ca07e', '5f12ccfe4afe8', 1, '2020-07-27 14:19:00', '2020-07-27 15:20:00', 'test notifikasi', 'Diterima');

-- --------------------------------------------------------

--
-- Struktur dari tabel `chat`
--

CREATE TABLE `chat` (
  `id` varchar(64) CHARACTER SET utf8mb4 NOT NULL,
  `sender_id` varchar(64) CHARACTER SET utf8mb4 NOT NULL,
  `receiver_id` varchar(64) CHARACTER SET utf8mb4 NOT NULL,
  `message` text CHARACTER SET utf8mb4 NOT NULL,
  `attachment_name` text CHARACTER SET utf8mb4 NOT NULL,
  `file_ext` text CHARACTER SET utf8mb4 NOT NULL,
  `mime_type` text CHARACTER SET utf8mb4 NOT NULL,
  `message_date_time` text CHARACTER SET utf8mb4 NOT NULL,
  `ip_address` text CHARACTER SET utf8mb4 NOT NULL,
  `status` enum('unread','read') CHARACTER SET utf8mb4 NOT NULL DEFAULT 'unread'
) ENGINE=InnoDB DEFAULT CHARSET=latin1;

--
-- Dumping data untuk tabel `chat`
--

INSERT INTO `chat` (`id`, `sender_id`, `receiver_id`, `message`, `attachment_name`, `file_ext`, `mime_type`, `message_date_time`, `ip_address`, `status`) VALUES
('5f219ceaa4e1e', '8', '5f2128a43c90b', 'test', '', '', '', '2020-07-29 22:59:38', '', 'read'),
('5f219ceec444d', '8', '5f2128a43c90b', 'assalamualaikum', '', '', '', '2020-07-29 22:59:42', '', 'read'),
('5f219cf5015e4', '8', '5f2128a43c90b', 'testing count unread messages', '', '', '', '2020-07-29 22:59:49', '', 'read'),
('5f21ad2d1abb3', '5f2128a43c90b', '8', 'yup', '', '', '', '2020-07-30 00:09:01', '', 'read'),
('5f21b1e39634d', '5f2128a43c90b', '8', 'test', '', '', '', '2020-07-30 00:29:07', '', 'read'),
('5f21babf33b7a', '8', '39', 'test', '', '', '', '2020-07-30 01:06:55', '', 'read'),
('5f2278b77b772', '5f1e7dc5ca07e', '8', 'NULL', 'images_(3).jpeg', '.jpeg', 'image/jpeg', '2020-07-30 14:37:27', '', 'read'),
('5f2540a49712c', '5f1e7dc5ca07e', '8', 'test', '', '', '', '2020-08-01 17:15:00', '', 'read'),
('5f26d9f1cc7e7', '8', '38', 'test', '', '', '', '2020-08-02 22:21:21', '', 'unread'),
('5f26d9f453397', '8', '38', 'hi chi', '', '', '', '2020-08-02 22:21:24', '', 'unread'),
('5f26d9fc7e4e9', '8', '38', 'masuk enggak?', '', '', '', '2020-08-02 22:21:32', '', 'unread'),
('5f26f09d1b55d', '8', '39', 'test', '', '', '', '2020-08-02 23:58:05', '', 'read'),
('5f27c5d99ee2b', '8', '39', 'test', '', '', '', '2020-08-03 15:07:53', '', 'read'),
('5f27c5da46b1a', '8', '39', '1', '', '', '', '2020-08-03 15:07:54', '', 'read'),
('5f27c5da88f87', '8', '39', '2', '', '', '', '2020-08-03 15:07:54', '', 'read'),
('5f27c5dad4aaa', '8', '39', '3', '', '', '', '2020-08-03 15:07:54', '', 'read'),
('5f27c5db244e3', '8', '39', '4', '', '', '', '2020-08-03 15:07:55', '', 'read'),
('5f27c5db6ba54', '8', '39', '5', '', '', '', '2020-08-03 15:07:55', '', 'read'),
('5f27c5dbaaf69', '8', '39', '6', '', '', '', '2020-08-03 15:07:55', '', 'read'),
('5f27c5dbd045b', '8', '39', '45', '', '', '', '2020-08-03 15:07:55', '', 'read'),
('5f27c5dc05aba', '8', '39', '4', '', '', '', '2020-08-03 15:07:56', '', 'read'),
('5f27c630e7f32', '39', '8', 'test', '', '', '', '2020-08-03 15:09:20', '', 'unread'),
('5f27c9c7e948c', '8', '39', 'halo', '', '', '', '2020-08-03 15:24:39', '', 'unread'),
('5f27c9ca279f1', '8', '39', 'wow bisa', '', '', '', '2020-08-03 15:24:42', '', 'unread'),
('5f27cd4b5960b', '5f1e7dc5ca07e', '8', 'hi admin', '', '', '', '2020-08-03 15:39:39', '', 'unread'),
('5f27cd5881d65', '5f1e7dc5ca07e', '8', 'ini chat dari mobile lhoo', '', '', '', '2020-08-03 15:39:52', '', 'unread');

-- --------------------------------------------------------

--
-- Struktur dari tabel `child_kategori`
--

CREATE TABLE `child_kategori` (
  `id_ck` int(11) NOT NULL,
  `id_kategori` int(11) NOT NULL,
  `nama_child` varchar(128) NOT NULL,
  `post_update` timestamp NOT NULL DEFAULT CURRENT_TIMESTAMP
) ENGINE=InnoDB DEFAULT CHARSET=utf8mb4;

--
-- Dumping data untuk tabel `child_kategori`
--

INSERT INTO `child_kategori` (`id_ck`, `id_kategori`, `nama_child`, `post_update`) VALUES
(1, 7, 'Fotografi Dasar dan Periklanan', '2020-07-09 11:46:58'),
(2, 6, 'tata busana', '2020-07-11 23:49:58'),
(4, 2, 'Semantika Produk', '2020-07-18 14:44:17');

-- --------------------------------------------------------

--
-- Struktur dari tabel `dosbing`
--

CREATE TABLE `dosbing` (
  `id` varchar(64) NOT NULL,
  `id_dosen` varchar(64) NOT NULL,
  `id_mhs` varchar(64) NOT NULL,
  `date` datetime NOT NULL DEFAULT CURRENT_TIMESTAMP,
  `status` varchar(255) NOT NULL
) ENGINE=InnoDB DEFAULT CHARSET=utf8mb4;

--
-- Dumping data untuk tabel `dosbing`
--

INSERT INTO `dosbing` (`id`, `id_dosen`, `id_mhs`, `date`, `status`) VALUES
('5f2631b631a8b', '5f258dc28c1a3', '44', '2020-08-02 00:00:00', 'Sudah Disetujui'),
('5f26a96184ef7', '38', '44', '2020-08-02 00:00:00', 'Menunggu Persetujuan');

-- --------------------------------------------------------

--
-- Struktur dari tabel `guidance`
--

CREATE TABLE `guidance` (
  `id` varchar(64) CHARACTER SET utf8mb4 NOT NULL,
  `student_id` varchar(64) CHARACTER SET utf8mb4 NOT NULL
) ENGINE=InnoDB DEFAULT CHARSET=latin1;

-- --------------------------------------------------------

--
-- Struktur dari tabel `item`
--

CREATE TABLE `item` (
  `id` varchar(64) CHARACTER SET utf8mb4 NOT NULL,
  `name` varchar(255) CHARACTER SET utf8mb4 NOT NULL,
  `quantity` int(255) NOT NULL,
  `access` enum('Semua','Dosen','Mahasiswa') CHARACTER SET utf8mb4 NOT NULL,
  `image` varchar(255) CHARACTER SET utf8mb4 NOT NULL,
  `description` text CHARACTER SET utf8 NOT NULL
) ENGINE=InnoDB DEFAULT CHARSET=latin1;

--
-- Dumping data untuk tabel `item`
--

INSERT INTO `item` (`id`, `name`, `quantity`, `access`, `image`, `description`) VALUES
('5f12ccfe4afe8', '403 gambar', 10, 'Semua', '5f12ccfe4afe8.PNG', 'test'),
('5f12cd6abdba2', 'test', 4, 'Dosen', '5f12cd6abdba2.PNG', 'test'),
('5f12cdf2debfe', 'test', 4, 'Mahasiswa', '5f12cdf2debfe.PNG', 'test'),
('5f12ce7d3da21', 'coba', 6, 'Dosen', '5f12ce7d3da21.PNG', 'test');

-- --------------------------------------------------------

--
-- Struktur dari tabel `kategori`
--

CREATE TABLE `kategori` (
  `id_kategori` int(11) NOT NULL,
  `nama_kategori` varchar(255) CHARACTER SET latin1 NOT NULL,
  `slug_kategori` varchar(255) CHARACTER SET latin1 NOT NULL,
  `urutan` int(11) DEFAULT NULL,
  `tanggal_update` timestamp NOT NULL DEFAULT CURRENT_TIMESTAMP
) ENGINE=InnoDB DEFAULT CHARSET=utf8mb4;

--
-- Dumping data untuk tabel `kategori`
--

INSERT INTO `kategori` (`id_kategori`, `nama_kategori`, `slug_kategori`, `urutan`, `tanggal_update`) VALUES
(1, 'Desain Komunikasi Visual', 'desain-komunikasi-visual', 1, '2020-06-18 00:47:47'),
(2, 'Desain Produk', 'desain-produk', 2, '2020-06-18 00:47:53'),
(5, 'Desain Interior', 'desain-interior', 3, '2020-06-18 02:55:18'),
(6, 'Desain Fashion', 'desain-fashion', 4, '2020-06-18 02:55:38'),
(7, 'Seni Rupa', 'seni-rupa', 5, '2020-06-18 02:55:49');

-- --------------------------------------------------------

--
-- Struktur dari tabel `kategoriruangan`
--

CREATE TABLE `kategoriruangan` (
  `id` int(11) NOT NULL,
  `kategori` varchar(255) NOT NULL,
  `date_created` timestamp NOT NULL DEFAULT CURRENT_TIMESTAMP
) ENGINE=InnoDB DEFAULT CHARSET=utf8mb4;

--
-- Dumping data untuk tabel `kategoriruangan`
--

INSERT INTO `kategoriruangan` (`id`, `kategori`, `date_created`) VALUES
(1, 'Lab Macintosh', '2020-07-16 12:47:58'),
(2, 'Lab Cintiq', '2020-07-16 12:47:58'),
(3, 'Lab Batik', '2020-07-16 12:47:58'),
(4, 'Lab Lukis', '2020-07-16 12:47:58'),
(5, 'Lab Sablon', '2020-07-16 12:47:58'),
(6, 'Lab Multimedia', '2020-07-16 12:47:58'),
(7, 'Lab Pola dan Jahit', '2020-07-16 12:47:58'),
(8, 'Studio Musik', '2020-07-16 12:47:58'),
(9, 'Studio Fotografi', '2020-07-16 12:47:58'),
(10, 'Studio Videografi', '2020-07-16 12:47:58');

-- --------------------------------------------------------

--
-- Struktur dari tabel `notification`
--

CREATE TABLE `notification` (
  `id` varchar(64) CHARACTER SET utf8mb4 NOT NULL,
  `user_id` varchar(64) CHARACTER SET utf8mb4 NOT NULL,
  `booking_id` varchar(64) CHARACTER SET utf8mb4 NOT NULL,
  `borrowing_id` varchar(64) CHARACTER SET utf8mb4 NOT NULL,
  `creation_id` varchar(64) CHARACTER SET utf8mb4 NOT NULL,
  `chat_id` varchar(64) CHARACTER SET utf8mb4 NOT NULL,
  `info_id` varchar(64) CHARACTER SET utf8mb4 NOT NULL,
  `thesis_id` varchar(64) CHARACTER SET utf8mb4 NOT NULL,
  `subject` enum('','booking','borrowing','creation','chat','news','thesis') CHARACTER SET utf8mb4 NOT NULL,
  `description` varchar(255) CHARACTER SET utf8mb4 NOT NULL,
  `date` datetime NOT NULL DEFAULT CURRENT_TIMESTAMP,
  `status` enum('unread','read') CHARACTER SET utf8mb4 NOT NULL DEFAULT 'unread'
) ENGINE=InnoDB DEFAULT CHARSET=latin1;

--
-- Dumping data untuk tabel `notification`
--

INSERT INTO `notification` (`id`, `user_id`, `booking_id`, `borrowing_id`, `creation_id`, `chat_id`, `info_id`, `thesis_id`, `subject`, `description`, `date`, `status`) VALUES
('5f1e7e0404fe8', '5f1e7dc5ca07e', '', '5f1e7dfa80b9d', '', '', '', '', '', 'Barang ini ingin dipinjam', '2020-07-27 14:11:00', 'read'),
('5f1e7e24aab87', '38', '', '5f1513bc63bfb', '', '', '', '', '', 'Peminjaman diizinkan', '2020-07-27 14:11:32', 'unread'),
('5f1e7e7a57880', '5f1e7dc5ca07e', '', '5f1e7dfa80b9d', '', '', '', '', '', 'Peminjaman diizinkan', '2020-07-27 14:12:58', 'read'),
('5f1e7e7bb5380', '8', '', '5f150944e9609', '', '', '', '', '', 'Peminjaman diizinkan', '2020-07-27 14:12:59', 'read'),
('5f1e7e7d9a262', '8', '', '5f1be6c8ac198', '', '', '', '', '', 'Peminjaman diizinkan', '2020-07-27 14:13:01', 'unread'),
('5f1e7e7ea0652', '8', '', '5f1be80d5cc11', '', '', '', '', '', 'Peminjaman tidak diizinkan', '2020-07-27 14:13:02', 'read'),
('5f1e7e8074c4b', '8', '', '5f1be87feef78', '', '', '', '', '', 'Peminjaman tidak diizinkan', '2020-07-27 14:13:04', 'read'),
('5f1e7e840cb93', '8', '', '5f1be918cc49f', '', '', '', '', '', 'Peminjaman tidak diizinkan', '2020-07-27 14:13:08', 'unread'),
('5f1e8023404c9', '5f1e7dc5ca07e', '', '5f1e8016bf045', '', '', '', '', '', 'Barang ini ingin dipinjam', '2020-07-27 14:20:03', 'read'),
('5f1e803d57bb6', '5f1e7dc5ca07e', '', '5f1e8016bf045', '', '', '', '', '', 'Peminjaman diizinkan', '2020-07-27 14:20:29', 'read'),
('5f1e804056b12', '8', '', '5f150c74adc88', '', '', '', '', '', 'Peminjaman diizinkan', '2020-07-27 14:20:32', 'unread');

-- --------------------------------------------------------

--
-- Struktur dari tabel `ruangan`
--

CREATE TABLE `ruangan` (
  `id` varchar(64) NOT NULL,
  `id_kategori` varchar(64) NOT NULL,
  `ruangan` varchar(255) NOT NULL,
  `akses` varchar(100) NOT NULL,
  `kapasitas` int(5) NOT NULL,
  `images` varchar(255) NOT NULL
) ENGINE=InnoDB DEFAULT CHARSET=utf8mb4;

--
-- Dumping data untuk tabel `ruangan`
--

INSERT INTO `ruangan` (`id`, `id_kategori`, `ruangan`, `akses`, `kapasitas`, `images`) VALUES
('1', '2', 'IK.01.02', 'Mahasiswa', 39, 'default1.jpg'),
('10', '11', 'IK.01.09', 'Dosen, Mahasiswa', 41, 'default.jpg'),
('17', '11', 'IK.02.02', 'Dosen, Mahasiswa', 34, 'default.jpg'),
('4', '9', 'IK.01.01', 'Dosen, Mahasiswa', 40, 'default.jpg'),
('5', '4', 'IK.01.05', 'Mahasiswa', 21, 'default2.jpg'),
('6', '3', 'IK.02.04', 'Dosen, Mahasiswa', 25, 'default3.jpg');

-- --------------------------------------------------------

--
-- Struktur dari tabel `schedule`
--

CREATE TABLE `schedule` (
  `schedule_id` varchar(64) NOT NULL,
  `room_id` varchar(64) NOT NULL,
  `06:30-07:30` varchar(255) NOT NULL,
  `07:30-08:30` varchar(255) NOT NULL,
  `08:30-09:30` varchar(255) NOT NULL,
  `09:30-10-30` varchar(255) NOT NULL,
  `10:30-11:30` varchar(255) NOT NULL,
  `11:30-12.30` varchar(255) NOT NULL,
  `12:30-13:30` varchar(255) NOT NULL,
  `13:30-14:30` varchar(255) NOT NULL,
  `14:30-15:30` varchar(255) NOT NULL,
  `15:30-16:30` varchar(255) NOT NULL,
  `16:30-17:30` varchar(255) NOT NULL,
  `17:30-18:30` varchar(255) NOT NULL,
  `18:30-19:30` varchar(255) NOT NULL,
  `19:30-20:30` varchar(255) NOT NULL,
  `20:30-21:30` varchar(255) NOT NULL,
  `21:30-22:30` varchar(255) NOT NULL,
  `date` date NOT NULL
) ENGINE=InnoDB DEFAULT CHARSET=latin1;

-- --------------------------------------------------------

--
-- Struktur dari tabel `tampilan`
--

CREATE TABLE `tampilan` (
  `id_tampilan` int(11) NOT NULL,
  `id` varchar(64) NOT NULL,
  `slug_tampilan` varchar(255) NOT NULL,
  `id_kategori` int(11) NOT NULL,
  `id_ck` int(11) DEFAULT NULL,
  `type` varchar(10) NOT NULL,
  `nim` int(11) NOT NULL,
  `gambar` varchar(255) NOT NULL,
  `No_wa` int(15) NOT NULL,
  `No_hp` int(15) NOT NULL,
  `tanggal_post` datetime NOT NULL,
  `tanggal_update` timestamp NOT NULL DEFAULT CURRENT_TIMESTAMP ON UPDATE CURRENT_TIMESTAMP,
  `views` int(11) NOT NULL DEFAULT '0',
  `judul` varchar(30) NOT NULL,
  `deskripsi` text NOT NULL,
  `likes` int(11) NOT NULL DEFAULT '0',
  `status` varchar(50) NOT NULL
) ENGINE=InnoDB DEFAULT CHARSET=utf8mb4;

--
-- Dumping data untuk tabel `tampilan`
--

INSERT INTO `tampilan` (`id_tampilan`, `id`, `slug_tampilan`, `id_kategori`, `id_ck`, `type`, `nim`, `gambar`, `No_wa`, `No_hp`, `tanggal_post`, `tanggal_update`, `views`, `judul`, `deskripsi`, `likes`, `status`) VALUES
(9, '5f1e7dc5ca07e', 'fashion', 1, 8, 'Foto', 1301174655, 'download_(1)2.jpg', 2147483647, 2147483647, '2020-08-05 07:33:01', '2020-08-05 05:47:42', 2, 'fashion', 'fahion terkini', 0, 'Diterima'),
(10, '44', 'apa-aja', 7, NULL, 'Video', 1301174633, 'Profil_Fakultas_Industri_Kreatif_-_TELKOM_UNIVERSITY.mp4', 2147483647, 2147483647, '2020-08-05 07:45:14', '2020-08-05 05:32:43', 1, 'apa aja', 'yuk bisa yuk', 1, 'Diterima'),
(11, '38', 'desain-ruang-keluarga', 5, NULL, 'Foto', 1301112311, 'images_(3).jpg', 2147483647, 2147483647, '2020-08-05 07:53:57', '2020-08-05 05:30:47', 7, 'desain ruang keluarga', 'desain interior rumah', 0, 'Diterima');

-- --------------------------------------------------------

--
-- Struktur dari tabel `tampilan_like`
--

CREATE TABLE `tampilan_like` (
  `id` int(11) NOT NULL,
  `id_tampilan` int(11) NOT NULL,
  `ip` varchar(200) CHARACTER SET latin1 NOT NULL,
  `date` timestamp NOT NULL DEFAULT CURRENT_TIMESTAMP
) ENGINE=InnoDB DEFAULT CHARSET=utf8mb4;

--
-- Dumping data untuk tabel `tampilan_like`
--

INSERT INTO `tampilan_like` (`id`, `id_tampilan`, `ip`, `date`) VALUES
(3, 31, '::1', '2020-07-18 03:03:18'),
(4, 34, '::1', '2020-07-18 06:01:12'),
(9, 4, '192.168.43.48', '2020-07-30 19:05:47'),
(10, 3, '192.168.43.48', '2020-07-30 19:05:52'),
(11, 4, '192.168.43.218', '2020-08-01 10:17:47'),
(12, 3, '192.168.43.218', '2020-08-01 10:17:52');

-- --------------------------------------------------------

--
-- Struktur dari tabel `tb_info`
--

CREATE TABLE `tb_info` (
  `id` varchar(64) NOT NULL,
  `title` varchar(100) NOT NULL,
  `images` varchar(100) NOT NULL,
  `body` varchar(600) NOT NULL,
  `uploadby` varchar(255) NOT NULL,
  `date` datetime NOT NULL DEFAULT CURRENT_TIMESTAMP
) ENGINE=InnoDB DEFAULT CHARSET=utf8mb4;

--
-- Dumping data untuk tabel `tb_info`
--

INSERT INTO `tb_info` (`id`, `title`, `images`, `body`, `uploadby`, `date`) VALUES
('5', 'Informasi 1', 'Classroom-without-windows-Pixabay1.jpg', 'Lorem ipsum dolor sit amet, consectetur adipiscing elit, sed do eiusmod tempor incididunt ut labore et dolore magna aliqua.', 'Administrator', '2020-07-25 19:17:55'),
('5f1c2350e4e4b', 'informasi 2', 'Cat1.jpg', 'Lorem ipsum dolor sit amet, consectetur adipiscing elit, sed do eiusmod tempor incididunt ut labore et dolore magna aliqua.', 'Administrator', '2020-07-25 19:19:28'),
('5f1d2d6cc3194', 'Informasi Updated', 'IMG_9534_edit.jpg', 'lorem ipsum', 'Admin', '2020-07-26 14:14:52'),
('5f1d30f88809f', 'Information', 'default.jpg', 'Lorem ipsum dolor amet', 'Admin', '2020-07-26 14:30:00');

-- --------------------------------------------------------

--
-- Struktur dari tabel `tb_lab`
--

CREATE TABLE `tb_lab` (
  `id` varchar(64) NOT NULL,
  `images` varchar(100) NOT NULL,
  `title` varchar(100) NOT NULL,
  `body` varchar(500) NOT NULL,
  `date` timestamp NOT NULL DEFAULT CURRENT_TIMESTAMP
) ENGINE=InnoDB DEFAULT CHARSET=utf8mb4;

--
-- Dumping data untuk tabel `tb_lab`
--

INSERT INTO `tb_lab` (`id`, `images`, `title`, `body`, `date`) VALUES
('5f1b8caf058b4', 'IMG_9534_edit1.jpg', 'Lab. Batik', 'Lorem ipsum dolor sit amet, consectetur adipiscing elit, sed do eiusmod tempor incididunt ut labore et dolore magna aliqua.', '2020-07-25 01:36:47'),
('5f1b93c2bdb1f', 'IMG_92741.JPG', 'Lab. CGI', 'Lorem ipsum dolor sit amet, consectetur adipiscing elit, sed do eiusmod tempor incididunt ut labore et dolore magna aliqua.', '2020-07-25 02:06:58'),
('5f1b95d912037', 'IMG_9189_edit1.jpg', 'Lab. Mac', 'Lorem ipsum dolor sit amet, consectetur adipiscing elit, sed do eiusmod tempor incididunt ut labore et dolore magna aliqua.', '2020-07-25 02:15:53'),
('5f1b960077560', 'IMG_93141.JPG', 'Lab. Bengkel', 'Lorem ipsum dolor sit amet, consectetur adipiscing elit, sed do eiusmod tempor incididunt ut labore et dolore magna aliqua.', '2020-07-25 02:16:32'),
('5f1b9649ea263', 'IMG_9166_edit1.jpg', 'Lab. Multimedia', 'Lorem ipsum dolor sit amet, consectetur adipiscing elit, sed do eiusmod tempor incididunt ut labore et dolore magna aliqua.', '2020-07-25 02:17:45'),
('5f1b96dbac690', 'IMG_9675_edit1.jpg', 'Lab. Pola dan Jahit', 'Lorem ipsum dolor sit amet, consectetur adipiscing elit, sed do eiusmod tempor incididunt ut labore et dolore magna aliqua.', '2020-07-25 02:20:11'),
('5f1ce025887f9', 'IMG_9181_edit.jpg', 'Lab. Sintik', 'Lorem ipsum dolor sit amet, consectetur adipiscing elit, sed do eiusmod tempor incididunt ut labore et dolore magna aliqua.', '2020-07-26 01:45:09');

-- --------------------------------------------------------

--
-- Struktur dari tabel `tb_panel`
--

CREATE TABLE `tb_panel` (
  `id` int(11) NOT NULL,
  `title` varchar(100) NOT NULL,
  `body` text NOT NULL,
  `video` varchar(500) NOT NULL,
  `thumb` varchar(255) NOT NULL,
  `date_create` datetime NOT NULL DEFAULT CURRENT_TIMESTAMP
) ENGINE=InnoDB DEFAULT CHARSET=utf8mb4;

--
-- Dumping data untuk tabel `tb_panel`
--

INSERT INTO `tb_panel` (`id`, `title`, `body`, `video`, `thumb`, `date_create`) VALUES
(99, 'Laboratorium, Studio & Bengkel Fakultas Industri Kreatif', 'Lorem ipsum dolor, sit amet consectetur adipisicing elit. Aliquid cum error quo eligendi doloremque molestias placeat animi a harum, optio fugit blanditiis! Incidunt sequi velit harum sapiente sed nemo ipsa.', 'Profil_Fakultas_Industri_Kreatif_-_TELKOM_UNIVERSITY.mp4', 'thumbnail_panel.jpg', '2020-07-28 13:33:06');

-- --------------------------------------------------------

--
-- Struktur dari tabel `tb_slider`
--

CREATE TABLE `tb_slider` (
  `id` int(11) NOT NULL,
  `title` varchar(100) NOT NULL,
  `images` varchar(100) NOT NULL,
  `body` varchar(500) NOT NULL,
  `date` timestamp NOT NULL DEFAULT CURRENT_TIMESTAMP
) ENGINE=InnoDB DEFAULT CHARSET=utf8mb4;

--
-- Dumping data untuk tabel `tb_slider`
--

INSERT INTO `tb_slider` (`id`, `title`, `images`, `body`, `date`) VALUES
(5, '', 'Classroom-without-windows-Pixabay.jpg', 'Lab. FIK Sekarang Sudah Aktif!', '2020-06-19 02:33:56'),
(10, 'Fakultas Industri Kreatif V2 Edit', 'IMG_9271_edit.jpg', 'LAB FIK TEL-U', '2020-07-12 10:33:55'),
(14, 'Laboratorium Fakultas Industri Kreatif', 'IMG_9274.JPG', 'Laboratorium Fakultas Industri Kreatif', '2020-07-12 11:09:12');

-- --------------------------------------------------------

--
-- Struktur dari tabel `thesis`
--

CREATE TABLE `thesis` (
  `id` varchar(64) CHARACTER SET utf8mb4 NOT NULL,
  `guidance_id` varchar(64) CHARACTER SET utf8mb4 NOT NULL,
  `pdf_file` varchar(64) CHARACTER SET utf8mb4 NOT NULL,
  `textarea_file` text CHARACTER SET utf8mb4 NOT NULL
) ENGINE=InnoDB DEFAULT CHARSET=latin1;

--
-- Dumping data untuk tabel `thesis`
--

INSERT INTO `thesis` (`id`, `guidance_id`, `pdf_file`, `textarea_file`) VALUES
('5f29986323503', '', '', '<p>test ke database</p>');
INSERT INTO `thesis` (`id`, `guidance_id`, `pdf_file`, `textarea_file`) VALUES
('5f299a37c06aa', '', '', '<p style=\"margin: 79.4pt 0cm 1cm; font-size: 17pt; font-family: Times, serif; font-weight: bold;\"><span style=\"position: relative; z-index: 251660288;\"><span style=\"position: absolute; left: -11px; top: -72px; width: 337px; height: 108px;\"> </span></span></p>\r\n<table cellspacing=\"0\" cellpadding=\"0\">\r\n<tbody>\r\n<tr>\r\n<td style=\"border: .75pt solid black; vertical-align: top; background: white;\" bgcolor=\"white\">\r\n<table cellspacing=\"0\" cellpadding=\"0\">\r\n<tbody>\r\n<tr>\r\n<td>\r\n<div class=\"shape\" style=\"padding: 4.35pt 7.95pt 4.35pt 7.95pt;\">\r\n<p style=\"margin: 0cm; font-size: 11pt; font-family: Times, serif;\">TUBES: Desain dan Analisis Algoritma (CSH2G3) 2019<br />DOSEN: PHN</p>\r\n<p style=\"margin: 0cm; font-size: 11pt; font-family: Times, serif;\">KELAS:&nbsp; IFIK-41-02</p>\r\n</div>\r\n</td>\r\n</tr>\r\n</tbody>\r\n</table>\r\n&nbsp;</td>\r\n</tr>\r\n</tbody>\r\n</table>\r\n<table cellspacing=\"0\" cellpadding=\"0\">\r\n<tbody>\r\n<tr>\r\n<td style=\"border: .75pt solid black; vertical-align: top; background: white;\" bgcolor=\"white\">\r\n<table cellspacing=\"0\" cellpadding=\"0\">\r\n<tbody>\r\n<tr>\r\n<td>\r\n<div class=\"shape\" style=\"padding: 4.35pt 7.95pt 4.35pt 7.95pt;\">\r\n<p style=\"margin: 0cm; font-size: 11pt; font-family: Times, serif;\"><em><span style=\"font-size: 8.0pt;\">This paper template is obtained from IOP Proceedings Licence</span></em></p>\r\n</div>\r\n</td>\r\n</tr>\r\n</tbody>\r\n</table>\r\n&nbsp;</td>\r\n</tr>\r\n</tbody>\r\n</table>\r\n<p><span style=\"position: relative; z-index: 251655168;\"><span style=\"position: absolute; left: 502px; top: -96px; width: 267px; height: 114px;\"><img src=\"data:image/jpeg;base64,/9j/4AAQSkZJRgABAQEA3ADcAAD/2wBDAAIBAQEBAQIBAQECAgICAgQDAgICAgUEBAMEBgUGBgYFBgYGBwkIBgcJBwYGCAsICQoKCgoKBggLDAsKDAkKCgr/2wBDAQICAgICAgUDAwUKBwYHCgoKCgoKCgoKCgoKCgoKCgoKCgoKCgoKCgoKCgoKCgoKCgoKCgoKCgoKCgoKCgoKCgr/wAARCADRAeoDASIAAhEBAxEB/8QAHwAAAQUBAQEBAQEAAAAAAAAAAAECAwQFBgcICQoL/8QAtRAAAgEDAwIEAwUFBAQAAAF9AQIDAAQRBRIhMUEGE1FhByJxFDKBkaEII0KxwRVS0fAkM2JyggkKFhcYGRolJicoKSo0NTY3ODk6Q0RFRkdISUpTVFVWV1hZWmNkZWZnaGlqc3R1dnd4eXqDhIWGh4iJipKTlJWWl5iZmqKjpKWmp6ipqrKztLW2t7i5usLDxMXGx8jJytLT1NXW19jZ2uHi4+Tl5ufo6erx8vP09fb3+Pn6/8QAHwEAAwEBAQEBAQEBAQAAAAAAAAECAwQFBgcICQoL/8QAtREAAgECBAQDBAcFBAQAAQJ3AAECAxEEBSExBhJBUQdhcRMiMoEIFEKRobHBCSMzUvAVYnLRChYkNOEl8RcYGRomJygpKjU2Nzg5OkNERUZHSElKU1RVVldYWVpjZGVmZ2hpanN0dXZ3eHl6goOEhYaHiImKkpOUlZaXmJmaoqOkpaanqKmqsrO0tba3uLm6wsPExcbHyMnK0tPU1dbX2Nna4uPk5ebn6Onq8vP09fb3+Pn6/9oADAMBAAIRAxEAPwD9/KKKKACiiigAooooAKKKKACiiigAooooAKKKKACiiigAooooAKKKKACiiigAooooAKKKKACiiigAooooAKKKKACiiigAooooAKKKKACiiigAooooAKKKKACiiigAooooAKKKKACiiigAooooAKKKKACiiigAooooAKKKKACiiigAooooAKKKKACiiigAooooAKKKKACiiigAooooAKKKKACiiigAooooAKKKKACiiigAooooAKKKKACiiigAooooAKKKKACiiigAooooAKKKKACiiigAooooAKKKKACiiigAooooAKKKKACiiigAooooAKKKKACiiigAooooAKKKKAPz+/4Kgf8ABVr49/sM/tL6X8Lvh74M8K6vol74SttSmTWbW4+0CZ7i5jYLJHMoC7Yl4KHnPNePaN/wcifEONAviH9lfRpW7vZ+KJYx+TQN/OuC/wCDhn/k9bQP+ydWf/pZe18HV+X5tnma4TNKtOlVainotH+aZ/ob4beD/htxJ4eZbjcxy6M6tSknKSlOLbu9XyTjqfqVbf8AByJAVzefssOD6ReJgf5wirlp/wAHIfhfePt/7Luohe/keIIyf1QV+VNFcS4nztf8vfwj/kfVy+jv4Ry/5l7X/cWt/wDJn7H+A/8Ag4e/ZY164jt/HPwv8XaCrEB5lihulX3wjg4r6y/Z8/bN/Zj/AGpLJrj4I/F/SdYuY0DXGled5N7CPVreTbIB23YKnsa/m+q/4Y8UeJPBWvWvinwhr13pmpWUoktL+xuGilhcd1ZSCK78LxjmNKa9ulNfc/w0/A+M4j+ixwRmGHk8oq1MNV6XftIX81L3vmp6dmf1AkhQWY4A6k182ftO/wDBW79gv9k7ULjw58R/jlY3+u2rFbjw94aH9oXcLjqkgiykTf7Lsre1fjv+1R/wWt/bp+J3wZ0z9n668eQaVCtqy614i0aNoNR1aPJVUlkBwgAHPlhSxOSa+H3keR2kkcszMSzMckk9Sa93E8VRnBfVY79Zf5f8E/G8h+jpiMPiqkeIcRblk0o0ne6XVzktE90uW9t2noftx41/4OjP2bNLuXg8C/s7+MdWQH5J7q6trZWH03MRXIT/APB1F4eEhFr+yDfFexk8ToD+kRr8daK8mXEGayfx2+S/yP0ij4J+HdKNnhXLzdSf6SSP19vf+DqRwpOnfsdhj2E/i7b/ACtzXK+Jf+Dp343XSMvhD9k3wtZMfuPqPiK5uQPqqRxZ/OvysoqJZ5msv+Xv4L/I66Xg94c0ndYFP1nUf/t9j+jj/gjZ+3/8Zf8AgoV8G/FfxN+M2g+HdNutJ8SLY2Fr4cs5oYlh8lX+bzppWZsnrkD2r7Er8yf+DXv/AJNR8ef9jsv/AKTJX6bV91lVWpWy+nObu2t/mz+QPEXL8FlXGuNwmEgoU4SSjFbJcqCiiivQPigooooAKKKKACiiigAooooAKKKKACiiigAooooAKKKKACiiigAooooAKKKKACiiigAooooAKKKKACiiigAooooAKKKKACiiigAooooAKKKKACiiigAooooAKKKKAPxg/wCDhn/k9bQP+ydWf/pZe18HV+n3/BcT9jX9p/45ftMaP8Tfg/8ABnWPEmi23gm2sp7rSYRKUnS5unZCgO7hZEOcY5r4F1f9kf8Aak0GUw6x+zz4ygcdVbw9cH+SmvyDPsNiP7WrS5HZvezP9QPBriDIf+Ia5Zh/rdL2kKSUo+0jzJ3ejV7p+p53RXbH9mv9ogDJ+BXi/wD8Jy5/+Iqvffs//HjTITc6h8FfFsMaj5nfw7cgD8dleM6NVfZf3H6pHN8qk7LEQb/xx/zORoqXULC/0m7aw1WxntZ1+9BcwtG6/VWAIqKszvTUldbHnvxb/wCQ7b/9eo/9CNcrXVfFv/kO2/8A16j/ANCNcrXrYf8Ago/L85/5GlX1CitDw94S8V+Lpza+E/DGo6pKpw0Wm2Mk7D8EBNdZb/ss/tM3cQmt/wBnrxs6sMgjwtd8/wDkOuiMJy2VzxKuLwlB2q1Ixfm0vzODor0EfsnftQt0/Z18b8/9Svdf/G62/DX7A/7a/jCZbfw3+yv46unY4AXw5Ov/AKEoqlRrN2UX9xzTzfKaceaeIgl5ziv1P1q/4Ne/+TUfHn/Y7L/6TJX6bV8Ef8G/f7Lnx7/Za/Zq8VeHPj98Nr7wxqGreKVu7Gy1HaJXhECruKgkryCMHBr73r9KyeE4ZbTjJWduvqz+CvEzE4bGcd4+tQmpwc9HFpp+6tmtGFfnn/wWU/4LzeHv+CXHj3QPgl4L+Co8ceMdZ0karepe6wbKz020aRo4yzLG7SyO0cmEAUKq5LcgH9DK/Dz/AIOc/wDgmT+198d/2nPDf7Uv7P8A8JNU8baDceEYNG1S18PWxnu9OuYJpnDSRD5jG6TLtdc4ZHDbfl3ekz4ZWvqc1/xGJfG//oyPwr/4V9z/APGKP+IxL43/APRkfhT/AMK+5/8AjFfnB/w7C/4KLDgfsS/Ev/wlLj/4mqHin/gnX+3l4I8N33jHxj+yD8QdM0rTLV7nUdRvfDU8cNtCgLPI7FcKoAJJNLUu0T9Lv+IxL43/APRkfhT/AMLC5/8AjFH/ABGJfG//AKMj8Kf+Ffc//GK/Guuy+DX7O/x3/aJ1a80H4D/CLxB4vvdPthcX1p4f017mSCIsFDsEBwu4gZ9TSuwsux+sX/EYl8b/APoyPwp/4V9z/wDGK9Y/Yn/4Ou4/jv8AtGeGvgt8fP2WrLwxpPinU4tNtvEOheJJLlrK5lcJEZYZIV3xliASrArnOG6V+RH/AA7B/wCCi3/RkvxL/wDCUuP/AImvcf8AgnR/wRz/AOChPxL/AGw/AZ1/9mnxT4T0XRfE1lqmt+IfFGlvZ21rbW86Sty4G9yFwqLkkn0BNNXE1Gx/UtRRRTICiiigAooooA/LT/gvD/wXZ+L/APwTj+L/AIf/AGaf2c/Ami3XiLUPDseuaxrviGJ5ore3lmmiihiiVlBcmCQszEgDaAOcj4i+E3/B2d+3Z4e8f6bqfxh+HPgrxD4aW6Qaxpmnaa9pdPb5G8wyiQhZAMldylSeCOcjB/4OyM/8PQtIP/VItI/9LtSr8yH+4ee1S3qaJKx/bj4e1zT/ABPoFj4l0mQva6jZxXNszLgmORA6kjtwRXxF/wAF1f8AgrN4s/4Ja/BXwtefCrwNYa14y8danc22kSayWNnYQWyI087ohDSvmWJVTKj5mYn5drfYPwP/AOSK+D/+xW0//wBJo6/Hb/g8c/5F74B/9fniL/0DT6b2Ijqz5u0X/g6+/wCCk+n6tb3ureGfh5f20UwaeyfQJIxMmeV3JLuXI7jpX73/ALEn7T+j/tn/ALKPgb9qDQ9Ak0qHxjoUV8+mSy72tJclZIt2BuCurAHHIGa/jX4xjNf1e/8ABBL/AJRGfBP/ALFqX/0rnoTKkkkfX1FFFMgKKKKACiiigAooooAKKKKACiiigAooooAKKKKACiiigAooooAKKKKACiiigAooooAKKKKACiiigApHRJFKOoYHqCM0tFAHHfEz9nr4E/GXSJNC+Kvwg8Oa/ayKQY9U0iKUrnurFdyt6MCCOxr88P27P+CCujLo958R/wBimSaK5gVpp/BGoXZkWZRyRazOdwb0Ryc9AwOK/UCivNx+U4DMabjWgr91o18/6R93wd4k8Y8C42NbK8VJQT1pyblTku0oN217q0l0aP5atN/Zl+OH7Qv7QWm/AH4V+AL2+8VXO6CTTZYzEbQo5Ejzlv8AVIn8TN0+uBX7DfsO/wDBvH+yz8C9GsfFX7TthB8SPFnlrJcWd6GGkWkmMlUg488A5GZcqeuwdvt3wl+z58F/AvxT8QfGzwj8OtOsPFXimGGLXtagixNdpFnYp5woycnaBuOCckCuyrzcq4cw+Bjetaclt2t007/0u5914ieOWecXV+XLebC0pJOST9+UmlzLmWqindK1m1rLflWF4P8Ahf8ADX4eaXDofgL4faJolnbrtgtdJ0qG3jjHoqxqABW6AAMAUUV9GoqKskfhtSpUqycpttvq9QooopkBRRRQAUUUUAFeF/8ABTv/AJR2/Gz/ALJlrH/pLJXuleF/8FO/+Udvxs/7JlrH/pLJQNbn8fAJAABr9fP+DP0f8ZVfFj/sn0H/AKXRV+QQ6Cv19/4M/P8Ak6r4s/8AZPoP/S6KoW5beh+/9Vdb1vR/Dej3XiDxDqlvY2NlA895eXUojihjUZZ2ZuFAAJJNWq/IH/g7G/bi8ZfCf4N+Dv2Mvhxrs2nyePjNqni+e3fbJLpcDeXFa5HISWYsz45Itwp+V2BszSuyx+3B/wAHYPwL+Eni6/8Ah5+xx8J3+Ic2nztDN4r1e6az0uWRThvs6KDLMmcgSHYpxldykMfl6T/g7w/baLkp+zl8OQCeB514cf8Aj9fk109K+o/2U/8AgjH/AMFHv20PhlB8Z/gL+zvcXvhW8kdNP1vVNYs7CK9KMVcwrcSq8ihgV3hdmQQCSCBN2acqR9g/8Rd/7bn/AEbp8Of+/t5/8XXVfCn/AIPAPjxY6/F/wun9k3wxqGlNIPP/AOEd1ie3uFXvt80OpP1FfLt7/wAG2n/BYGztJLpP2abG4MaFhDB410su+Ow3XAGfqRXxd8R/ht4++D/jnU/hl8UvB+oaB4g0W6a21XR9UtzFPbSr1VlP5g9CCCCQQaLsEon9c37Av/BSX9ln/go/8NX+IP7OvjF5bqxCLr3hrVIhDqOkyMOFmjyQVPOJELI3Zs5A97r+QT/gmJ+2l46/YN/bO8H/ABz8IazLb2A1KLT/ABVZrJiO/wBKmkVZ4pB0YAYkUn7rRqw5Ff16abqFrq2nW+q2Um+G5gSWFvVWAIP5GmiJKzP5wP8Ag7H/AOUoWkf9ki0j/wBLtSr8yX4Q9ORX6b/8HY+D/wAFQ9Iz/wBEi0j/ANLtSr8yXYFGyexxSe5pHY/tT+B//JFfB/8A2K2n/wDpNHX47f8AB44ceHvgH/1+eIv/AEDT6/Yn4H/8kV8H/wDYraf/AOk0dfjt/wAHjn/IvfAP/r98Rf8AoGn03sRH4j8NMcZzX9X3/BBL/lEZ8E/+xZl/9K56/lBzX9X3/BBPj/gkZ8E/+xal/wDSuelEctj68nnhtYHubmZY440LSSOwCqoGSST0AFfjX+39/wAHXGi/CX4t6j8Kv2KPhLpHjGx0W6e2vvGGv3siWt5Mhw/2WOLl4wQQJGOG6gYwS3/g5O/4LNt8O9Kvv+Ce/wCy74wxrmo2pj+Jev6dLzp9u4/5BsbjpLIpzKR91CEzlmC/g2ikkIi5J4VQP0pt2El3P1/+Gv8Awda/8FAvib8QNG+Hngz9k7wLrWrazqUVnYaTYSXhmupXYKEXDHBOevQdTwK/fLQLrVL7QrK91zT1tL2a0je8tEk3iGUqC6Bu+DkZ74r8qf8Ag3Q/4Ivp+zF4Psv23/2mvCGz4ieIdODeEdF1CP5/DthKoPmsh+5dSoRnI3RodnylnFfpZ+0f8ZdG/Z2+AHjT48+IVDWXg/wxe6vcqf4lt4Wkx+O3H40ITt0PAv8AgpZ/wWP/AGS/+CZOkRaX8UdTutf8a6hambR/A2hFWu5U5Cyzu3y20JIxvbJP8Ktg1+WPjb/g78/akvdbkk+H/wCyt4JsNO3HyYtT1O6nmxnjcy7RnHoK/Lf9of4+fEr9qH41eI/j38Xtem1LxB4m1KS8vriZ87Nx+WJB0VEXCKo4AUAVifD/AOHvjr4r+M9O+HXwz8Iajr+vavcrb6ZpGk2jT3FzKeioigkn+QyTxSuWoo/Usf8AB3f+25/0bp8Of+/t5/8AF1JZ/wDB3n+2lFdJJe/s2fDuWIMPMjW4vFLD0zuOK8B0z/g27/4LA6pp8N/J+zJaWhljDfZ7vxppayJnswW4IB9s182ftYfsP/tV/sO+M4PAn7UvwX1Twne3kZk06W5aOa2vUHVobiFnilxkZCtlc8gUO4WifvX/AME6v+DnH9l79rbxnp3wb/aG8JSfC7xZqkqwaXe3N6LjR76c8LF55Aa3djwokG0nA37iFP6cqyuodGBUjIIPBFfxDB2Uq0bEFeQQcEGv6dv+Dbj9uDxf+2N/wT/j0D4o65LqPir4a6y3h6+v7h90t5ZeUktnM56lvLZoiTyxtyx600xSjbY+6/iN498OfCv4e698T/GFw8OkeG9GutU1WaKMuyW1vE0srBR94hEY471+DPxB/wCDvj9p668YX03ww/Zg8GWegmdv7Ng1m+uZboRZ+UytGVXfjrtGPSv2n/b0/wCTGfjR/wBkn8R/+my4r+NuhuwopM/cb4Vf8Hfumw/BrU7j40/sqyz+PYLlU0e18OaoI9MuoiDmSaSXMkTKQPlVX3Z6rivKNb/4O9/2xLnUpZtB/Zk+H1ralv3MM95eSOo923DJ/CvzM/Z2/Zh/aC/a1+Ikfwn/AGbfhNrHjDxBJAZzp+kwg+TCCFMssjlY4YwWUF5GVQWAzkivZf2m/wDgjL/wUq/ZC+HUnxc+OP7MOpWXhu1QNqGr6VqVpqMdgCcZnFrLI0S5IG9gEyQN2SKV2VaJ+kv7LX/B3la6p4stNB/bB/Zrh0vSbmZY5/EPgq9edrME48x7abmRR1IRt2AcBjgH0P8Aa6/4O0/2afhxrU/hb9kX4P6n8Q2h+U+JNYkbTNPdv+mUbKZ5F92WP2BHNfz7YrovhN8I/ib8dviFpfwn+DvgjUPEfiTWrjyNL0bTId81xJgnAHAAABJJIAAJJAGaLsOVH6j33/B3p+2jNdPJYfs1fDuGIn5I2ubxyo+u4Zr0X9nv/g7+8UDxNb2H7Uf7KlgdHkkC3OpeCtUf7RAp6uIbj5ZMf3d659a+B/jV/wAELP8Agql8APhpcfFv4i/sm6mNFsYDNqcmj6xY6jNZRgZLyQ2s8km0DqyqwUckgV8lY7UXYWTP7Nv2Wv2r/gJ+2d8H9O+Of7Ofj+28Q+HtRBCzRApLbSj70M8TYeGVTwUYA/UYNei1/Mb/AMG3X7cPjD9mL/goR4c+Cd1r0v8AwhnxXuxoeraczZjS/dW+xXCjs/nbYSR1Wbn7or+nKqIaswooooEFFFFABRRRQAUUUUAFFfnT/wAFafjN8Wfh5+0fpWi+BfiPrOkWknhC3me20+/eJGkNxcgsQpxnCgZ9hXy7/wANRftHf9Fw8T/+DiX/ABq1C6uS3Y/biivxH/4ai/aO/wCi4eJ//BxL/jXd/BH/AIKLftO/B3xNbale+P7zxHpayj7bo+uTGZJo/wCIK5+aNsdGB4OMgjIJyMOY/X2iuf8AhT8SfDvxg+HOj/EzwpKWsNZsUuYA33k3DlD7g5B9xXQVBQUUUUAFFePfttftU2P7J3wek8ZwWEV7rV/N9k0GxmYhHmIyXfHJRB8xA5PAyM5H5geNf22/2qfHusy63rPxs1uJpGytvp90beGMeiomABVKLYm7H7QUV+I//DUX7R3/AEXDxP8A+DiX/Gj/AIai/aO/6Lh4n/8ABxL/AI1Xs2LmP24or5M/4JGfELx18Rfg74j1Lx54u1DWLiDX1jhm1C6aVkXygdoLHgZr6zqGrMoKKKKQBXhf/BTv/lHb8bP+yZax/wCksle6V4X/AMFO/wDlHb8bP+yZax/6SyUDW5/HuvQV+vv/AAZ+f8nVfFj/ALJ9B/6XRV+QSngcdq/X3/gz8/5Oq+LP/ZPoP/S6KoW5ctj9/wCv55f+Du+Rm/bl+HiFjhfhkuBngf6dcV/Q1X88f/B3dj/huj4e4/6Jkuf/AAOuKp7Ex3PyfxkZr+qP/gmF+2/+wx8O/wDgnf8ABbwP4m/a/wDhPoepaZ8ONKg1DSdQ+IOmW09rOtum+OSJ5wyOGzkMAc5zX8rlH4VKKa5kf2ND/goj/wAE/jyP25/g7/4c3Sv/AJIr+bj/AIOBPjf8E/2g/wDgp74z+IvwB8c6T4l0B9N021Ot6FcJNa3NxDbKkpjlTKygMMb1JBxwTXxYOtFO4JW1FBO7Oe/Br+1z4Ukn4XeGiTknQLPP/fhK/kR/4J5/sUfFP9vf9qXw38Bvhp4cubuGe/iuPEuoRwkw6XpqyL508zjhBtyq5+8zADJNf2B6HpNtoGiWehWZJhsrWOCIt12ooUfoKa2FM/nE/wCDscj/AIeh6Rx/zSLSP/S7Uq/Md/uH6V+nH/B2OCf+CoWkYH/NItI/9LtSr8x3+4fpUspbI/tV+B//ACRXwf8A9itp/wD6TR1+O3/B45/yL3wD/wCvzxF/6Bp9fsT8D/8Akivg/wD7FbT/AP0mjr8dv+Dxz/kXvgH/ANfviL/0DT6p7Gcdz8NBiv3I0j/grxof/BOH/ggx8F/AHwx1W0ufi54y8FXMfhqzYhzpEDXVwjalKn+yc+WrcO68gqrCvw3HJr1L4+/s6/GX4T/Dv4Z/F3x69xfeHPiF4PjvfCOqsWaNIYZHhksuchGidT8o4KyKw+8QEnoaWTPOfEPiHXfFuvXvinxRrFxqGpaldPc399dyl5biZ2LPI7HlmJJJJr9b/wDg3C/4Ivf8Lz8SWX7ef7UXhN/+EO0a6EngDQb6HC61eI3/AB+yKw+a3jI+QdJHGfuphvyJs7kWl3DdtbRTCKVXMM67kkwQdrDjKnGCPQ1/XN/wSl/bY+DH7dP7Gnhf4n/B3Q9P0FdLsotJ1vwjpwCx6FeQxqrWyKOkWMNGT1Rl75oSFLRH0iAFAVQAAOAK+Yf+C0zvH/wSg+P7IxB/4VnqQyD/ANM6+nq+YP8AgtT/AMonvj//ANkz1H/0XVELc/kjGO4+lfrJ/wAGjHw+8JeJP20vH/jfXNGhudR8PeAA2jzyqCbZ5ruKOR1z0Yplc+jH1r8mq/X/AP4M/Mf8NTfFn/sQLf8A9Lo6lbmkvhP39r86v+Do34eeEvFn/BJ/xB4x1vSIptT8K+K9FvNDvCg320k17FaS7T1w0M8ikdDwewr9Fa+Bf+Dmn/lDx8Q/+w34e/8ATxaVT2M1ufy/H2Hav3e/4M6mJ+FPxzXJwPEGh8f9sLyvwhJBAGO1fu9/wZ1f8kq+Oh/6mDQ//RF5Urc0lsfqL+3p/wAmM/Gj/sk/iP8A9NlxX8bZr+yT9vT/AJMZ+NH/AGSfxH/6bLiv428DGaJEx2P1i/4NDf8Ak+n4if8AZLX/APThaV/Qb4k8O6J4v8PX3hTxLpsV5p2pWklrfWk6BkmhkUq6MDwQVJGPev58v+DQ3/k+n4if9ktf/wBOFpX9DVNbClufxY/H3wzo/gv46+NPB/h+28mw0rxZqNpZRZ/1cMdzIiL+CgD8K+nP+Df7/lLb8Iv+wrc/+kk1fOn7VR/4yf8AiJ/2POrf+lktfRf/AAb/AH/KW34Rf9hW5/8ASSal1Kfwn9WMkcc0bRSxqyMpDKwyCD1BFfyC/wDBVv4ceEfhF/wUo+N3w78BaTHp+j6d8RNQNhYwjbHbpK/neWgHCopkIVR0UAdq/r7r+SH/AILTZH/BV749/wDZQbj/ANFxU3sKG5yP/BM13T/gov8AAd0Ygj4weHMEH/qJQV/YZX8eX/BNED/h4r8CCv8A0WDw5/6crev7DaFsEwooopkBRRRQAUUUUAFFFFAH5h/8Fmv+To9H/wCxKtv/AEquq+R6+uP+CzX/ACdHo/8A2JVt/wClV1XyPW8fhIe4UUUUxH6uf8Ek9Sur/wDYy0qC5lLC01vUIYcnonnl8fm5r6Yr5g/4JD/8mc2n/Yx6h/6GtfT9YS+ItbBRRRSGfnt/wW51G6/4SbwFo5lPkfYb2bZ23741z+VfClfcn/Bbn/kevAP/AGCb3/0bHXw3W0PhIe4UUUVQj9KP+CLP/JDvFH/Yxr/6JWvsyvjT/giz/wAkO8Uf9jIv/ola+y6xn8Ra2CiiipGFeF/8FO/+Udvxs/7JlrH/AKSyV7pXhf8AwU7/AOUdvxs/7JlrH/pLJQNbn8e46Cv19/4M/P8Ak6n4sf8AZPoP/S6KvyC9MHtX6+/8Gfn/ACdT8WB/1T6D/wBLoqlbly2P3/r+eT/g7ux/w3P8PT/1TJf/AEuuK/obr8UP+DvD9lHxXrOjfDb9szw5pr3OmaMkvhnxM8SEmzErme0lbHRGbzoyx4DGMfxU3sTHc/DKv6CP+CfX/BvT/wAEu/2nP2JPhd8f/FvhjxNe6v4r8F2Ooavc2PjCeOJrt4h5wVF4TEgYbR0II7V/PwO9fWf7Ef8AwWv/AG/P2Avhs/we+BXxI0+bwuLmS4s9E8RaSt7FYySNuk8gsQ0asxLFQdu5i2AWJKVimnbQ/bUf8Guf/BJwf8yJ4y/8LW5rS8N/8Gyf/BJXw7qCX8vwh8Q6iEbPkal4vupI29ioYZFflH/xFPf8FVOP+J34D9/+KPX/AOOUH/g6d/4Kq/8AQb8Bf+Eev/xyndCtI/og/Z9/Ze/Z6/ZT8G/8IB+zr8INC8IaUzBprbRrFY2nYDAaV+XlbHGXJNd7X843wh/4Ouv+ChHh34i6Xqvxk0TwZ4h8Mx3SDWdLstB+yTyQFhvMcqudrhckZBBOM1/RX4X1+z8V+GtO8UaerC31KxiuoA/UJIgcA++DT3JaaP5yP+Dscn/h6HpGD/zSHSP/AEu1KvzHf7h+hr9OP+Dsj/lKFpH/AGSHSP8A0u1KvzHfIQ/Spe5otj+1X4H/APJFfB//AGK2n/8ApNHX47f8Hjn/ACL3wD/6/fEX/oGn1+xPwP8A+SK+D/8AsVtP/wDSaOvx2/4PHP8AkXvgH/1+eIv/AEDT6b2M47n4acZ4r+i/9mH/AIJ9eCf+CkH/AAbq/DH4F655Fpr8PhSe/wDBWtyR7jp2ppcXHlMe5if/AFcgHVGOOQCP50D7Gv6vv+CCX/KIz4J/9izL/wClc9CLkfyv/E74a+Nvg38RNa+FXxK8Pz6Xr3h7UpbHVtPuBhoZ42KsPcZGQe4wa+n/APgjH/wU58R/8Ezf2qbfxhqk9xc+APFJi07x7pMbEg2+4+XeIveWAszDHJVnX+Kv0j/4Oi/+CVzeNfDq/wDBRr4IeHl/tPRbVLX4l2NpFzd2a8RajgDl4uEkPePaf4Ofwg7Z96VrDXvI/tr8JeK/DnjzwrpvjfwfrNvqOk6xYQ3umahaSB4rm3lQPHIjDgqysCD6GvnD/gtRj/h0/wDH7Iz/AMWz1H/0XX5r/wDBr/8A8FZRZXcP/BN34+eJGEMokm+F2qXs2VV87pdLJJ4zlpIh04dODsB/X39sn4GL+01+yh8Rv2fDKsbeMvBuoaTFI3RJJoHRG/Bip/CqM7WZ/GbX67f8GgmsaZa/tcfFHR7m9jS6u/h5G9tCzYaQJfQ7seuNwzX5Q+P/AAH4s+FvjjV/hv480eXT9a0LUZrHVbKZSrQzxOUdSDz1BrpP2af2l/jR+yJ8Y9I+PPwC8aTaH4k0aUm2uo1DJLGww8MqHiSNxwynr9cGoWjNGm0f2gV+ff8Awc8a1pel/wDBIPxrY397HFNqXiXQLaxjdsGeUanBMUUdyI4pGx6IT2r869K/4O7/ANt6z06G21P9nj4a3lwiAS3JW+jMh/vbVmwM+gr45/4KM/8ABWn9rL/gprrGmn47azYWOgaJM0+j+E9BhaKxt5mUqZmDMzSybSVDuSVDMBjcc02rEKLTufMNfu//AMGdP/JKvjp/2MGh/wDoi8r8IDgDOa/pI/4NYv2UPFfwE/YF1P4w+OtMksr/AOKfiT+1NOtpUKuNLgiENs7A9C7m4kHqjoe+KUdxvY+3P29P+TGfjR/2SfxH/wCmy4r+NvjBr+yT9vT/AJMZ+NH/AGSfxH/6bLiv426GET9Yv+DQ7/k+n4if9ktf/wBOFpX9DVfzy/8ABod/yfT8ROf+aWv/AOnC0r+hqqWwpbn8YX7VRx+0/wDEUn/oedW/9LJa+i/+Df7/AJS2/CL/ALCtz/6STV86ftWY/wCGnviKM/8AM86t/wClktfRf/Bv9/yls+EP/YVuf/SSao6lP4T+rKv5If8AgtN/ylf+PYP/AEUG4/8ARUVf1vV/JD/wWn/5Sv8Ax7AP/NQbj/0VFVPYmO5yH/BNAf8AGxX4Ef8AZYPDn/pyt6/sNr+PL/gmh/ykV+BH/ZX/AA5/6crev7DaI7BIKKKKZIUUUUAFFFFABRRRQB+Yf/BZr/k6PR/+xKtv/Sq6r5Hr64/4LNf8nR6P/wBiVbf+lV1XyPW8fhIe4UUUUxH6q/8ABIf/AJM5tP8AsY9Q/wDQ1r6fr5f/AOCQzA/sdWoB5HiPUAR6fOtfUFYy+ItbBRRRUjPzv/4Lc/8AI9eAf+wTe/8Ao2OvhuvuT/gtwR/wnfgJcjP9k3vH/bWOvhutofCQ9woooqhH6U/8EWf+SHeKP+xkX/0StfZdfGn/AARZH/FjvFHH/Mxr/wCiVr7LrGfxFrYKKKKkYVxX7SHwdtP2hfgB4z+Bd9qbWUXi7w1eaS94i5MPnwtHvx3xuziu1ooA/mD8a/8ABsl/wV08M+Kr7QvDnwQ0TxHYW1wyWmt6b430yGG8jB+WRUuZ45UyOzICD69a/Tn/AIN2v+CPX7Rf/BO268b/ABo/al/s3TPEPivT4NL07wzpupR3htLWOTzXlnliJj3s4UKqMwCqSWy2F/UCO4t5mKwzo5X7wVgcU+lYbk2Fc98V/hR8Ovjl8OtX+EvxZ8I2Wu+HdesntNV0rUIg8U8TDBBHYjqCMEEAggiugeRIkMkjhVHVmOAKSOWOZBJFIrKejKcimI/BH9uD/g0z+OOheLr/AMWfsH/EbRtf8P3EzS2/hTxZfmzv7NSciKO42mKcDoC5jOByTXzC/wDwbX/8FjVchf2XrFsHAYeP9E5/O7r+o6ilZFKTR/Lf/wAQ1/8AwWO/6Nasv/C/0T/5Mo/4hsP+Cx3f9luy/wDDgaJ/8mV/UhRRZBzM/mV+EH/BsF/wVR8b/ETS/DfxQ+Fei+DfD9xdINX8QX3jDTroW0GRvKRWs0sjvtztG0DOMsBzX9LPhHw9b+EfCmmeFLWUvFpmnw2kbt1ZY0CAn8q0ajN5Zif7KbqMS/8APPzBu/KmJts/Iz/g4Y/4Il/tWft3/Hnw7+1F+ydY6Zr99beFodB1vwzfavDYzBYZ55Yp4ZJ2WJgftDqys6kbVIzk18E/Cf8A4Ng/+CrHjjx/pvhv4kfC7RPBmh3Fyi6p4iv/ABfp12tpBkb2WG1mlkkfbnauACcAso5r+m2ilYak0UPCvh6z8JeF9N8Kae7tb6ZYQ2kDSH5ikaBFJ98KK+Ef+C/f/BKT4p/8FOfgl4Rk+A3iDTLbxj4D1O7nsdN1q5MFtqVtcpGs0XmhW8uQNDEykjafmBIyGH37RTJTsfzI6J/wa8/8FatT1e307UPh14P02CaYJNf3fja2eKBT1dli3uQPRVJr+hL9g79l6H9i79kHwD+zBH4g/tV/B+gR2VzqQQqLmfJeV1U9FLs2B6Yr1yigbbZU8QaBofivQr3wx4m0i21DTtRtZLa/sbyESRXELqVeN1YEMrKSCDwQa/n6/bd/4NU/2tfD3xk1XWf2Jbzw34k8C6heST6TpWq66LK/0pGbIt2My7JUTO1XD7iAMrnk/wBCFFAJtH8y3hf/AINqv+CyvhDxJYeKvCnw88PaXqenXkdzp+pW3j6zSS1mRgySKysSCpAPAPTvX9H/AMDdP+KOk/Bfwnpfxu1OyvfGVt4csovFV5pxJt59QWFBcPGSAShkDEZA4PSuqooBu5+eH/BXT/g39+DP/BRfWp/jl8LPENt4E+KDW4S81T7Hvsdb2LhPtcaYIkAAXzly20AMGCqB+SvjT/g2L/4K7eFtbl0rQ/g34a8S26MQmp6J45sEhkHYgXkkEg/FBX9PNFKyYJtH8t//ABDX/wDBY7/o1qy/8L/RP/kypLX/AINqf+CxVzcJby/szadbozANNN4/0Yqnudt0Tj6A1/UZRRZD5mfiZ/wTp/4NSL7wn40034pf8FDPHGjarbWEyzx/D7wtcSS29ywOVW6umVCyZxujjXB5G8g1+1Wj6PpPh/SbbQtB0yCysrKBILS0tYhHFDEoCqiKuAqgAAAcACrNFMTbZzXxn+Gun/Gf4PeLPg9q19Ja2vizw1f6Nc3MIBeGO6t3gZ1B7gOSPpX81nj7/g2N/wCCt3hPxdfeH/Cvwa0LxRp1tcMlpr2l+NNNghu48/K4jup4pUJGMqy8HjJ6n+nR72zjmFvJdxLIekbSAMfwqSk1cE7H5Uf8G7n/AARo/aX/AOCfHjXxl+0D+1VDpuka34g0NNG0nwzp+qRXjwQecs0k08sJaLJaOMKqM2ACSRnFfqvSO6RoZJHCqBksxwBTYLm3uk8y2nSRQcFkYEZ/CmDd2fzuft/f8G0X/BQyX9qTxb4z/Zn8HaR468I+I9cudU027XxNZ2NzaCeVpGgnju5IvmVmIDIXVhg/KflHsH/BEH/ggH+21+zZ+2jov7UX7Wnh7SvCOleDo55dN0qDXra/u9RuZImjX/j1eSOONQxJLOGJwAvUj9xqKVkHM7WCvwe/4LH/APBvB+3J8bf22PGH7TX7J2g6T4y0Tx7qQ1K702bX7awu9MuTEiSIwunjSSMlNysrlvmwVGMn94aKYJtH8+n/AAS7/wCDcf8A4KC+A/21vAPxp/af8GaT4K8K+BfE1nr1y3/CS2d9dX8trKs0UESWkkoUNIiBmcrhc4ycV/QXRRQDdwooooEFFFFABRRRQAUUUUAfm3/wWu8PTWnxr8H+KjGRFf8AheS1VsdWguHZv0uFr4vr9OP+Cxvwqm8X/ADS/iNYW5ebwrq+6cqMkW04CP8AhvER/CvzHraDvEh7hRRRVCPvP/gih+0Xoc03jH9lzWdRjj1K1uo9e0WKRwGngliSKdFHfY0SNgf89Se1foDX83+v/Fv4gfAr9onTfiv8LvEU2l65oyQT2V3FzyM5RlPDowyGU8EEiv1S/ZH/AOC7/wCzV8XNAtdH/aJm/wCEC8SoipdSyRSS6bcv3eORQzRgn+Fxx/ePWspLUpM+7qK8Y1X/AIKJ/sK6PpR1m8/aw8CtCF3bbbxBDPKR7RxlnJ9sZr4f/b8/4LyeHdR8K6h8Kf2MIrqS6vo2gu/G97AYlt4zw32WJvmLkdJHwF6hSek2Y7nJ/wDBTz9ovQ/jl+1/rfhLwlqMV3pfgKyg0j7VC4ZJLxt0lztI4IVisZ/2omr5+rzf9ne5uLy21m8u53llluo3llkbLOxDEkk9ST3r0itloiXuFFFAVmIVFLE8BVGSTTEfqD/wRz8PTaX+y9e63NGV/tLxNcNGSPvIiRrn89w/CvrOvM/2OfhZL8Gf2ZPBvgC8h2Xlvo8c+or6XM2ZpR+DyFR7KK9MrBu7LWwUUUUhhXhn/BTfxh4o+H3/AATx+NXjfwVrtzpmr6X8NdXudO1CzkKS28q2rlXRhyGB5Br3Ovnr/grR/wAoyPjz/wBkr1n/ANJXoBbn4G/8G7/7QHxyuP8AgrZ8NPCt98X/ABLd6Z4gGrW+s2F7rc88N3Gul3c6q6SMQcSRIwPXK1/TvX8rP/Bu3/ymL+Dn/XzrH/plvq/qmpLYqW5+VH/B2j8VfiT8Nv2MPh1p/wAPvHWq6JHrfxJ+z6r/AGVfPbtdRJYXMixuyEEqHVWxnGVHpXAf8Givxh+Kvj/wj8ZfCHjr4iazrWnaTfaTcaZa6rqMlwLaSZbkSlDISV3CNMgHHy1vf8Hg2f8AhkD4Sj/qqEn/AKbLqvPf+DOj/j1+Ov8A100L+V5R1H9g/bqivnL/AIK5fF74ifAX/gmx8Yvi38JvEs2jeItF8HTS6VqtsB5lrIzInmJnowDHB7HBr+b/AOAn/BWX/grTo3i+bw18HP2m/iF4i1zxHatp9tpWH1a4lZyDm3hZHYTDBwyDcATj1piUWz+s2iv5W/jb8S/+C+nwI8LH4s/Hjxj8ffDWizTr5mtarc3UVujuflDsOIsngBtvPHXivuz/AIN7v+C6H7Qnxn+PNl+xJ+2F4ufxUNftZD4N8W3qgX0F1Ehc2s7AATo6A7WI3qy4JYMNiuHLoftxX86PxN/4Jc/8F09W/wCCjmr/ABB0fwl44mtbj4oSahZeNofGsS2AtDeGRJx/pIZYxFgbPLyMbdvav6Lq/le+KX/BVv8A4KI2P7fmuavY/ta+MYIrb4pzRW+lRaowso4FvzGsAg+55YQBduMYphG5/U7arOltGlzIHkEYEjDu2OT+dSV5r+1L4d+J/wAQv2SfHvhr4O+L7jQPGOreA9Qi8N61ZHbJZ6g9o/kyKexEhXkcjtzX86v/AAS4/wCCzP7Z/wABf25fB+j/ALRX7RXijXPBus+IotD8Z6R4r1JriO0SWTyfO/eZ8p4ZGDMwx8quDQJK5/TpRRX4m/8ABzj/AMFV/j58FfjR4a/Y+/Zi+L+peFDY6Qur+Mb7QbnybqaaZiLe3Mg+ZUVFLlQRkuM/dFAJXZ+2VFfGn/BBD/hovVf+CZvgn4hftOfErWfE2veL57vW9PudenMtxb6bNJi1jLtyytGnnDPQTgdq/M3/AILq/wDBev8Aaf8A+GnvE/7JP7IfxCufBfhbwTfPpes69ozBb/V7+PifEvJihR8xhUwWKMxJBUABJtn7+0V/Lr4Q0j/g4v8AH/hWx8beD0/aHv8ASdStVubC9jurlVnhYZV1DsGKkYIOOQQR1qD9k3/gul/wUp/Yd+Oq2/xg+JnifxdpNhqn2bxf4E8ds7zKqvtlRDKBJbTrzjoMgBgRmlcfKf1I0VifDP4geG/iz8OPD/xU8G3n2jR/E2iWmq6VcYx5ttcQpNE34o6n8a/nj/4L/f8ABRD9t34Y/wDBUzx/8KPhh+0z4t8NeHfDNvpMGj6RoWqvbQxCXTLW5kYhMbmMszkscnGB0FPYSV2f0b0V/MDp/wC1j/wcKftyeHNP8afDbWfjNrWhWNqlrZ6j4Q0aa0srjy1CF/NiRUuJCR8z7mOSc4r9F/8Ag3c8Of8ABXvRfjN47m/b0j+IUXgl/DcQ02P4gTlnbU/PTabcOS4xF5u4j5eVzk4wrg1Y/WeivwT/AOC9H/Ben9o/Sv2jte/Y9/Y9+IE/g7QPBtybLxJ4k0ghb/U78AGWNJTnyoY87MJhmYMS2MAfMnhHw5/wca/EDwvp/jfwfD+0NfaVqtol1p16l9Oizwuu5JFDurbWBBBI5BB6Gi4+U/qHor+df9jH4bf8HH1p+1b8PrvxRafGm20iLxXZNrM/inUydPWzEq+f9oEkhVo/K3gjBJzxziv6KKYmrH87f/BRD/gmB/wXD+Jn/BQnx98QfhN4H8c6npereLnufCfijTPG0UNnb2zMPIYZuVaFYxjK7MjacA9/6F/Dltq1n4esLTXrsXF9FZRJezr0klCAOw+rZP41/L5/wUv/AOCpX/BQjwT/AMFAviungv8Aa08ZaRa+G/G15b6Lpmnaq0VpaxW74iQQj5CoCjIIOec5zX9Luq6n8QvE37PVzrPgaeFfFeoeDHm0eR1AjGoSWhaIkHgL5pXrxigbvZHxB/wdA/EXx58Of+CXV1c+AfF+o6NNqnjzSbC/uNMu3gkltmE8jRF0IYKWjQkA87cdM18Wf8Gjvxi+K/if9oz4qeAvE/xH1vU9GXwfaXqadqWpy3EaXH2kp5qiRjtbacZHUV8Sft3+Cv8Ags3oPw8vdR/b5s/imPB3/CRIss3iu/8AN05tQJk8soA5Uk/vNpAxjOK8x/Yd8O/t9+I/G+s23/BP208cTa/HpiNro8C3LRzi08z5fMIZcpv6e9IpR90/sOor8cf+CBXgj/gtV4f/AGudU1D9tyP4kW/w7Pha4W7j8e34kjkvS6eR5Ks7NuHz5IwMde1fqL+2V498T/Cv9kT4pfE3wTqH2TWfD3w81rUtJutgbybmCxmkifB4OHVTg8cUyGtT0miv5nv+CMn/AAUo/bu8Z/8ABTT4XeCPHn7UvjDX9G8TeIv7P1vStc1Z7mC5hlRy2UfgNkAgjBBHFf0l+PtWvdA8C61rumuFuLLSbmeBmXIDpEzKSO/IFANWZrUV/Lt+w1/wVK/4KDa7/wAFLPhrbeJP2r/GGp2PiD4tadp2saRqGqNLZ3NrdagkM0JhPyhSkjAYA28EYIFf1E0k7g1YKKKKYgooooAKKKKACiiigDF+IvgTQPif4E1b4eeKbfzNP1mwktbpR1CuuNw9GBwQexAr8S/jH8KfE/wR+JmsfC7xfCVvdIvGhaQIQs6dUlX/AGWXDD647V+51fLH/BSv9iWX9ofwcnxO+HOnofF+hQENAgwdTtRyYveReSh78r3GLhKzE1c/LKin3NtcWdzJZ3kDxTQyNHLFIpVkYHBUg8ggggimVqQeH/Hz/kob/wDXlD/WuLrtPj5/yUN/+vKH+tcXUPcAooopAesfs3f8g7Vf+u8X8mr0yvM/2bv+Qdqv/XeL+TV6ZWi2AK9+/wCCcf7N9z+0H+0NYz6jZltB8MMmpaxKyZRirfuYfq7jp/dRj2rx74bfDbxn8XPGth8PvAGiyX+qajMI7eBOg9WY/wAKgclj0Ar9h/2SP2ZfDP7K/wAI7T4f6O8dzqEuLjXNTVMG7uSAGI77B91QegFTKVkNK56eqhVCqMADAApaKKxLCiiigAr56/4K0f8AKMj48/8AZK9Z/wDSV6+ha8I/4Kg+Gtb8Y/8ABOj43eF/DenyXV/ffDHWIrW2iGWkc2smABQC3P50P+Ddv/lMX8HP+vnWP/TLfV/VNX8h3/BJb9qX4efsYf8ABQ/4ZftI/FhLr/hGtA1S5TWpbKEySwQXNlcWhmCDlxGZw7KPmKq2ATgH+jSH/gvR/wAEkZollH7a3hZdyg7XWcEexBj4NJbFSWp8if8AB4P/AMmg/CX/ALKhJ/6bLqvPf+DOgYtfjr/100L+V5Xm3/BzD/wVL/Y//bY+Gvw4+B37LfxFXxdNofiSfXNa1mxt3W0t1+zPbxwBnALyMZXY7QQoj5OWFes/8Gd3hfXLfwZ8bvGc2nyLpt1qmkWdvcspCyTRR3Duo9cLKn/fVHUf2D75/wCC6P8AyiR+Ov8A2JMn/o6Kvww/4Nm/+UuXgsH/AKF7Wf8A0lNfuf8A8F0f+USPx1/7EmT/ANHRV+F//Bs3/wApc/BfP/Mvaz/6Smh7gvhZ/QR/wVK0vTtY/wCCbXx4stVsoriIfCXX5RHMgYB47CaRGwe6uqsD2Kg9q/mx/wCCFZP/AA9l+CnP/M1n/wBJ5a/pU/4KdHH/AATi+PP/AGSDxF/6bZ6/ms/4IV8f8FZPgp/2NZ/9J5aGC+Fn9Y1fxs/Fr/k+LxF/2Ve5/wDTm1f2TV/Gz8Wj/wAZw+Iuf+ar3P8A6c2p9Qif2OaJzolnn/n1j/8AQRX8rn/Bff8AZM/4ZI/4KZeONB0zT/I0TxiU8VaBtTCGG8Z/NUf7txHOn/Ac96/qj0P/AJAtn/16x/8AoIr8l/8Ag7V/ZMPxE/Zk8G/taaBpofUPh/rD6bq8qJ8x069KgE47JOkZGenmN/epMUXZn2X/AMEl/wBtTSf2qv8Agmr4I/aH8Za/Gt5o/h17Lxle3EufKubBTHPNIf8AaWMSk/7Rr+cbxvq/jT/grV/wVWu7uySfz/ix8TBBp8TZLWemGYRxKcdDHaIuT0ypNdJ+xd/wU98Tfstf8E+f2gP2PLe7uvO+I9vZN4VmjJxZySN9n1EE/wAO+28sgdMxv3avqj/g0u/ZLPxG/a08WftaeIdNEmmfDzw+dO0R5EyDqt98pdT6x2yzKR/08qe1G47WVz9/vAPgrQvhv4G0b4e+F7NLfTdC0u3sLCCNAqxwwxrGigDoAqiv5Bf+CiMxtv8AgoL8Y7hVyY/ihrLAE9cXshr+xCv4/f8Agpx4d1jwX/wUc+M+jeKNKkguIfibqsslvKuC0b3LSIRnsyMrA9wwPehijufoZ4b/AODvz41eG/Dth4dt/wBhzwo8dhZRW0bnxtcruVECg4Frx06V+Y/7VPx+8Y/ts/tVeK/2gdQ8Fw2et+PvEH2pdB0VXmVJXCRpDFn55GO1R0yzHoM4r9rfgx+0F/waz+K/hV4e8ReMPh78LtD1e50iBtU0nWvDcy3NtceWBIjgKQSGzyDg9R1r2T9nv9sf/g2y+D3xAsdV+Aet/Bnw74innWCw1e28NiK4idztAW4ki3RZzgkMB60WY7pdD7I/YV+Hnif4R/sS/B/4V+NrI22s+G/hfoGl6vbE5MNzBp0EUqfg6sPwr+bf/g4zBP8AwWO+LwHrof8A6ZLCv6m4pY54lmhcMjqGVlOQQehr+WP/AIONCR/wWO+LxHrof/pksKGKO5/QT/wRx/5RZfAX/smWl/8AokV9K181f8Ecf+UWXwF/7Jlpf/okV9K01sS9z+U3/gur+xp8Uf2R/wDgoT461Xxbolz/AMI9498Q3fiDwnrjQkwXsdxIZpYwxG0yRSOysnUDacYIr6y8B/8AB3x+0f4X8G6V4c8R/seeDdWvbCwit7nUoPElzaLcsiBfM8rypBHnGcBiB2wOK/Vr9tT9uj/gk34W1e8/Zp/bi+LXw3u7mJI57/wn4uso75YSwyjNG0bqj4OQeGGa+YpPi3/waqbTu074BdOdvhtc/pFS1Kv3RyH7Bn/B1l8Kv2hPjDpnwc/am+Asfw4/ty8S10vxVp3iM31gkznCJco8MbwKWIHmAuuT8wUc1+uKOkiCSNgysMqwOQRX8cP7dt1+zjq37ZfxBuv2LbKaL4bz+I2/4QqFUdT5JRA3lh/nEZm80xg/NsKZ5r+tX9jSz8baf+yV8NLH4kGT+3ofA2mJqvnZ3iYW0e4Nnnd6570IJKx/J5/wVVx/w3/8cyRx/wAJ9q3/AKMav67vhP8A8kt8Nf8AYv2f/ohK/kR/4Kq/8n/fHM/9T9q3H/bRq/ru+E//ACS3w1/2L9n/AOiEoQS2R+eX/B1r/wAotIv+ym6P/wCiruviL/g0C/5O7+K3/YgWn/pYa+7f+DpvwvrniH/glLqGpaPYSTxaL490a+1ExqT5UBaWDecdhJPGD6ZzX5X/APBt7+3b+zj+wv8AtZ+Lda/aY8aDw5o3ivwgtjaa3PA728FxFP5oWUoCVDKSA2MZGDjIo6gvhP6bK8d/4KHf8mDfG3/sk3iL/wBNs9ch8Ef+CvP/AATf/aM+JWm/B/4N/tY+GNa8SaxIY9L0qKV0kunCltib1AZsA4GcnHFd/wDtxeF9b8b/ALFvxd8HeGrGS61HVfhlrtpYWsSktNNJp86oigdSWIA9zTEtz+X/AP4Ih/8AKVz4H/8AY6w/+gPX9WfxY/5Jb4l/7F+8/wDRD1/Ip/wTQ+P/AIC/Ze/bx+Fvx/8AibLcJ4d8N+K4LvV5rSEySRQcqzhBy23dnA5wOK/oz+IH/Bdj/gk9rvw61vTNM/bO8MPcXmiXMVvCVnDM7wsFXBj4OSBSiOW5/Of+wRn/AIeWfBzP/RbdB/8ATtDX9g9fx6/sATw3X/BST4M3VvIGjl+NWgOjDuDq0BBr+wqhDnuFFFFMgKKKKACiiigAooooAKKKKAPkz9uj/gmnoHx7kuvif8HEtNI8XsC95bOBHbaq3q5H3JT/AH+h/i9R+bPxA+HPjn4V+J7jwb8RPC95pGpWzES2t5EVP1U9GU9mBIPrX7s1yPxd+A/wh+O+gnw78WPAdjrFvgiJ50KzQn1jlUh4z7qRVxnYTVz+cn4+f8lCf/ryh/rXF1+s/wC1f/wb8/8ACeeI5/GP7PPxlSyLwqseieJrcuq7c4Anj5xz1KnHvXyV46/4Ijf8FGfBlw8enfBqx8QwoeLnQfEtmysPZbiSJ/8Ax2ndMmzPk2ivoeH/AIJN/wDBRqeUQR/sn6+GJx899YqB/wACacD9a9F+G3/BB79v/wAa3Mf/AAlnhXQPCVuxHmSaz4ghmkUeoS1MoJ9iwougszwv9m7/AJB2q/8AXeL+TV9GfAH9mP4x/tK+JU8PfC/wtJcRCQLearcZjtLRe7SSYxx/dGWPYGvsP9kH/ghh8JfgjC2pfHDx3ceMryaRJJNNtI2s7IFQcAkN5jjnpuUeuRxX294R8GeEvAOhQ+GfBPhuy0rT7ddsNnYWyxRoPYKBQ56aDUTyr9j79in4b/sl+F2j0lE1PxHexqNV8QTQgSOBz5cYOfLjzztHXgnOBj2iiis27lBRRRQAUUUUAFMuLe3vLeS0u4ElilQpLFIoZXUjBBB4II7U+igD8mv2xP8Ag1F/Zz+N/wAVtS+J/wCzx8aL/wCHMGr3TXN34abSVvbGCRjl/s/zo8aE5IQkgZ44wB5F/wAQdl7/ANHwx/8AhGn/AOSK/cKigfMz8TvCf/Bnh4dh163l8c/tq3txpiyA3MOl+FUimdc8hWeVgufXBr9Zf2Rv2RfgZ+xD8D9K/Z//AGffCa6VoWmKWdnbfcXs7f6y4nk6ySueSeg4AAAAHplFFrBds80/bH/Zp8P/ALY37L3jf9mLxRr1zpdj400KXTpdSs0DSWxbBWRQ3DYZVOD1AxXwt/wS4/4N0ND/AOCdn7U9r+1BrP7Sdz4su9M0q6tNM0yHQxaRhp12NJIxkcthc4Axya/TSigLs5T47/CLw/8AtAfBLxf8C/Fd3cW+meMvDN9omoXFoQJYobqB4XdM8bgHJGeMivzV/wCCf3/Bsl4c/Yp/a58NftPaz+1Fd+JY/CV3JdaXpEWgLamWYoyIZZPMbgBiSABk+lfqrRQF2FfkL4y/4NRfAvir9q2/+Ocf7VuoweHdQ8ZPrj6B/YKNcoj3Bna3E/mbeCdoYpnHbNfr1RQK7Qy2gjtbeO1iB2RoFXJ7AYFcT+0v+z74A/ar+Aviv9nf4o2ry6F4t0eWwvjCQJItwykqEggOjhXUkfeUV3NFAH4gX3/BnY5vJv7N/bfxb+YfIE/g/LhM8biJwM464Ffpx/wTL/4J2fDP/gmf+zZB8A/h/rtxrNzPfyahr+v3cCxyX924ALbV+6iqoVVycAdea+h6KBtthXwp/wAFSP8Aggt+zH/wUr8Vp8YZvEF74H+IK2iW114k0e2SWPUo4xiMXULYEjKuFEgIbaApJCqB910UC2Pw8/4g67z/AKPhj/8ACNP/AMkVa0T/AIM7rBdXtT4m/bXln04Tqb6Cz8JiOWSLPzKjNMQrEZAJBx6V+3NFFkO7K+kabBo2k2uj2pYxWlukMZY5O1VCjP4CvzF/4KYf8G2+g/t//tda5+1bov7TNz4VuPEttZrq+kzaELtRLb28dsHicSJtBjiTIIPIJ71+oVFAJ2OB/Za+AWg/ssfs5+Cv2cvC+r3N/p/gvw5a6Ta312AJZ1hjC72A4BOM4Fd9RRQI/Kn/AIKH/wDBsvo37bn7Wfij9qHw9+1JceGn8WTRXGoaRdeHxdCKdYljJRxInykIDgjg55rxIf8ABnZeg5/4bhj/APCNP/yRX7h0UWQ7s/Lf9gr/AINdv2a/2Wfi9pnxr+OfxPu/iZqGh3a3WjaLc6WlrpsdwhzHLLHudpirYYIx25AyCOK/UgAAYAwB0AoooFe5+Rn7WX/Bqv4O/aa/am8WfHmD9q6/0bSPGOvSalqOinw+k08BlbMqRy+YB67SVOM85r9adD0ez8PaLZ6BpwYW9jax28AdsnYihVye5wBVqigLmD8Ufhf4B+NXw81j4UfFLwtaa34e1+wkstX0u+j3xXELjDKR/IjkEAjkV+Q3xl/4NBPhP4g8cXms/A/9q3VvD2iXMzPbaPrWiLevaAn/AFazLIhcD1YZr9l6KBptH5H/ALE//BrRov7K/wC1P4K/aO8U/tXz+IIvBWuQ6tbaRZ+HRam5uITuiDSGVsIGwSAMkDHev1wIBGCKKKAbbPyu/bc/4NYP2YP2jPifqXxZ+AfxTv8A4aXWs3b3Wo6Db6Yl1pvnOxZ3hj3I0ILEnYp2gk4AHFfOvxB/4NHI/h54E1rx7rX7c9rHaaLpVxfXLz+EtiBIo2c5Y3GAML1rxb9q3/gnV/wcPeJP2lPHfiCy8G/FDX7S+8V38+navo/xBtltbi1ed2hMSm8QxoIygCFF2gbcDFeZ6/8A8Erv+DgbxZpE/h7xP8A/ivqFhdJsubK98d2csUq+jK1+QR9aRXzPAP8AgnVbqn/BRT4IWtrL56p8Y/DqxyIPvgapBgj6jmv7D6/EH/giB/wbuftCfBv9orw/+19+3PoFn4c/4RC6+3+F/BCalDd3Ut+oIhuLl7d3iRYiRIqK7MXVS2MEH9vqFoKTuwooopkhRRRQAUUUUAFFFFABRRRQAUUUUAFFFFABRRRQAUUUUAFFFFABRRRQAUUUUAFFFFABRRRQAUUUUAFFFFABRRRQAUUUUAFFFFABRRRQAUUUUAFFFFABRRRQAUUUUAFFFFABRRRQAUUUUAFFFFABRRRQAUUUUAFFFFABRRRQAUUUUAFFFFABRRRQAUUUUAFFFFABRRRQAUUUUAFFFFABRRRQAUUUUAFFFFABRRRQAUUUUAFFFFABRRRQAUUUUAFFFFABRRRQAUUUUAFFFFABRRRQAUUUUAFFFFABRRRQAUUUUAFFFFABRRRQAUUUUAFFFFABRRRQAUUUUAFFFFABRRRQAUUUUAFFFFABRRRQAUUUUAFFFFABRRRQAUUUUAFFFFABRRRQAUUUUAFFFFABRRRQAUUUUAFFFFABRRRQAUUUUAFFFFABRRRQAUUUUAFFFFABRRRQAUUUUAFFFFABRRRQAUUUUAFFFFABRRRQAUUUUAFFFFABRRRQB//Z\" width=\"214\" height=\"91\" /></span></span>Perbandingan Keefektifan Metode Penukaran Uang antara Algoritma Greedy dan Algoritma Exhaustive</p>\r\n<p>&nbsp;</p>\r\n<p style=\"margin: 0cm 0cm 5.65pt 70.9pt; font-size: 11pt; font-family: Times, serif; font-weight: bold;\">M. Sulthan Angka K. &nbsp;(NIM: 1301174660)</p>\r\n<p style=\"margin: 0cm 0cm 12pt 70.9pt; font-size: 11pt; font-family: Times, serif;\"><strong>Tressy M. Setiawan </strong><strong>&nbsp;(NIM: </strong><strong>1301174656)</strong></p>\r\n<p style=\"margin: 0cm 0cm 0cm 70.9pt; font-size: 11pt; font-family: Times, serif;\">Informatics, School of Computing,</p>\r\n<p style=\"margin: 0cm 0cm 12pt 70.9pt; font-size: 11pt; font-family: Times, serif;\">Telkom University, Indonesia.</p>\r\n<p style=\"margin: 0cm 0cm 12pt 70.9pt; font-size: 11pt; font-family: Times, serif;\">&nbsp;</p>\r\n<p style=\"margin: 0cm 0cm 12pt 70.9pt; font-size: 11pt; font-family: Times, serif;\">Email: sulthan.kurniawan@gmail.com, litressy@gmail.com</p>\r\n<p style=\"margin: 0cm 0cm 22.7pt 70.9pt; text-align: justify; font-size: 10pt; font-family: Times, serif; color: black;\"><strong>Abstract</strong>. Penukaran uang yang selama ini kita ketahui pada umumnya adalah sebuah metode yang memudahkan mereka yang ingin melakukan transaksi dengan mata uang berbeda agar tidak terjadi ketidaksetaraan antara nominal yang satu dengan yang lainnya serta agar masyarakat bisa menukar sejumlah uang yang rusak dengan uang yang baru dengan nominal yang sama. Dalam dunia pemrograman pun, permasalahan penukaran uang juga menjadi bahan pelajaran karena solusi untuk masalah ini sangat berkaitan erat dengan penggunaan algoritma. Jurnal ini akan menjelaskan tentang laporan perbandingan dua algoritma mana yang paling optimal untuk metode penukaran uang.</p>\r\n<ol style=\"margin-bottom: 0cm; margin-top: 16px;\">\r\n<li style=\"margin: 12pt 0cm 0cm 0px; font-size: 11pt; font-family: Times, serif; color: black; font-weight: bold;\">Pendahuluan\r\n<ol style=\"margin-bottom: 0cm; margin-top: 16px;\">\r\n<li style=\"margin: 12pt 0cm 0cm 0px; font-size: 11pt; font-family: Times, serif; color: black;\">Latar Belakang Masalah</li>\r\n</ol>\r\n</li>\r\n</ol>\r\n<p style=\"text-indent: 42.55pt; margin: 0cm; text-align: justify; font-size: 11pt; font-family: Times, serif; color: black;\">Jurnal ini menjelaskan tentang <em>Money changer </em>atau dalam bahasa Indonesia yaitu penukaran uang. Istilah tersebut digunakan masyarakat untuk menukarkan uang atau tempat jual beli mata uang asing. Penukaran uang biasanya diterapkan pada dunia perbankan. Yaitu ketika ada nasabah bank yang ingin menukarkan uangnya yang sudah rusak, lusuh, maupun sudak tidak berlaku lagi. Penukaran uang juga diterapkan jika ada masyarakat dari satu negara datang ke negara lainnya sehingga masyarakat luar tersebut secara otomatis harus menukarkan uang dari negara asalnya agar bisa melakukan kegiatan transaksi di negara yang dikunjunginya. Pengertian lainnya dari <em>money changer</em> adalah tempat penukaran resmi valuta asing [1].</p>\r\n<p style=\"text-indent: 42.55pt; margin: 0cm; text-align: justify; font-size: 11pt; font-family: Times, serif; color: black;\">Namun, seringkali kegiatan penukaran uang yang dilakukan secara manual memakan waktu yang lama bergantung pada nominal uang yang akan ditukar. Orang yang bertugas menukarkan uang dari penukar pun harus sangat cermat dan teliti sehingga tidak ada nominal yang lebih ataupun kurang. Pengerjaan yang memakan waktu cukup lama ini kemudian akan menyebabkan antrean sehingga kegiatan penukaran uang secara manual tidak lagi menjadi kegiatan yang cukup efisien.</p>\r\n<p style=\"text-indent: 42.55pt; margin: 0cm; text-align: justify; font-size: 11pt; font-family: Times, serif; color: black;\">Seiring dengan perkembangan teknologi yang sangat cepat, sekarang penukaran uang tidak hanya dilakukan secara manual. Ada mesin dan algoritma yang membantu metode penukaran uang menjadi jauh lebih cepat dan efisien. Dari sekian jumlah algoritma yang ditemukan dan bekerja membantu permasalahan penukaran uang, ada diantaranya yang paling optimal dan efisien. Pada jurnal inilah kita akan mengetahui algoritma apakah yang terbaik.</p>\r\n<ol style=\"margin-bottom: 0cm; margin-top: 16px;\" start=\"2\">\r\n<li style=\"list-style: none; margin: 12pt 0cm 0cm 0px; font-size: 11pt; font-family: Times, serif; color: black;\">\r\n<ol style=\"margin-bottom: 0cm; margin-top: 16px;\" start=\"2\">\r\n<li style=\"margin: 12pt 0cm 0cm 0px; font-size: 11pt; font-family: Times, serif; color: black;\">Masalah yang Dihadapi</li>\r\n</ol>\r\n</li>\r\n</ol>\r\n<p style=\"text-indent: 42.55pt; margin: 0cm; text-align: justify; font-size: 11pt; font-family: Times, serif; color: black;\">Masalah yang mungkin dihadapi dalam pengerjaan penelitian ini adalah <em>running time</em> yang memakan waktu lama tergantung dengan seberapa besar nilai yang dimasukkan <em>user, </em>kemungkinan hasil perbandingan yang berubah-ubah jika menggunakan <em>device </em>dengan spesifikasi yang berbeda, hanya bisa mengembalikan nilai-nilai yang sudah diatur (jika ingin ada yang dirubah, maka harus mengubah kembali algoritmanya).</p>\r\n<ol style=\"margin-bottom: 0cm; margin-top: 16px;\" start=\"3\">\r\n<li style=\"list-style: none; margin: 12pt 0cm 0cm 0px; font-size: 11pt; font-family: Times, serif; color: black;\">\r\n<ol style=\"margin-bottom: 0cm; margin-top: 16px;\" start=\"3\">\r\n<li style=\"margin: 12pt 0cm 0cm 0px; font-size: 11pt; font-family: Times, serif; color: black;\">Metode atau Algoritma yang Digunakan</li>\r\n</ol>\r\n</li>\r\n</ol>\r\n<p style=\"text-indent: 42.55pt; margin: 0cm; text-align: justify; font-size: 11pt; font-family: Times, serif; color: black;\">Sesuai dengan judul jurnal ini, algoritma yang akan kita bandingkan adalah algoritma <em>greedy </em>dan <em>exhaustive</em>. Konsep dari algoritma <em>greedy </em>sendiri adalah mencari (rakus) dengan nilai yang terbesar kemudian baru mengambil nilai sisanya. Sedangkan untuk algoritma <em>Exhaustive </em>konsepnya ialah mencoba dan mencari semua kemungkinan nilai uang yang tersedia untuk ditukar ke nilai yang diinginkan. Secara <em>general</em>, bisa muncul asumsi bahwa algoritma <em>greedy</em> lebih efisien dalam masalah waktu, namun apakah <em>greedy </em>yang menjadi algoritma paling optimal atau bukan, akan dibahas pada bab berikutnya.</p>\r\n<ol style=\"margin-bottom: 0cm; margin-top: 16px;\" start=\"4\">\r\n<li style=\"margin: 12pt 0cm 0cm 0px; font-size: 11pt; font-family: Times, serif; color: black; font-weight: bold;\">Analisis Algoritma\r\n<ol style=\"margin-bottom: 0cm; margin-top: 16px;\" start=\"4\">\r\n<li style=\"margin: 12pt 0cm 0cm 0px; font-size: 11pt; font-family: Times, serif; color: black;\">Pemaparan Algoritma</li>\r\n</ol>\r\n</li>\r\n</ol>\r\n<p style=\"text-indent: 42.55pt; margin: 0cm; text-align: justify; font-size: 11pt; font-family: Times, serif; color: black;\">Pada penerapan metode penukaran uang, algoritma <em>greedy</em> dan algoritma <em>exhaustive</em> adalah algoritma-algoritma yang paling sering dibahas. Berikut penjelasan lebih rinci antara kedua algoritma.</p>\r\n<ol style=\"margin-bottom: 0cm; margin-top: 16px;\" start=\"5\">\r\n<li style=\"list-style: none; margin: 12pt 0cm 0cm 0px; font-size: 11pt; font-family: Times, serif; color: black; font-style: italic;\">\r\n<ol style=\"margin-bottom: 0cm; margin-top: 16px;\" start=\"5\">\r\n<li style=\"list-style: none; margin: 12pt 0cm 0cm 0px; font-size: 11pt; font-family: Times, serif; color: black; font-style: italic;\">\r\n<ol style=\"margin-bottom: 0cm; margin-top: 16px;\">\r\n<li style=\"margin: 12pt 0cm 0cm 0px; font-size: 11pt; font-family: Times, serif; color: black; font-style: italic;\"><span style=\"font-style: normal;\">Algoritma Greedy</span></li>\r\n</ol>\r\n</li>\r\n</ol>\r\n</li>\r\n</ol>\r\n<p style=\"text-indent: 42.55pt; margin: 0cm; text-align: justify; font-size: 11pt; font-family: Times, serif; color: black;\">Konsep yang ada pada algoritma greedy dalam menyelesaikan permasalahan penukaran uang yaitu mencari dan rakus ke nilai yang terbesar. Namun, algoritma greedy sendiri belum tentu yang paling optimal [2]. Misalnya, diketahui ada 4 koin yang tersedia yaitu; Rp.9, 7, 5, dan 1. Sementara uang yang ingin ditukar bernilai Rp.12. Untuk algoritma greedy, ia akan mengembalikan 4 buah koin dengan nilai 9, 1, 1, 1. Hanya ada satu solusi optimal yang dikembalikan oleh algoritma greedy. Sedangkan pada algoritma exhaustive, bisa mengembalikan lebih dari satu solusi optimal.</p>\r\n<ol style=\"margin-bottom: 0cm; margin-top: 16px;\" start=\"6\">\r\n<li style=\"list-style: none; margin: 12pt 0cm 0cm 0px; font-size: 11pt; font-family: Times, serif; color: black; font-style: italic;\">\r\n<ol style=\"margin-bottom: 0cm; margin-top: 16px;\">\r\n<li style=\"list-style: none; margin: 12pt 0cm 0cm 0px; font-size: 11pt; font-family: Times, serif; color: black; font-style: italic;\">\r\n<ol style=\"margin-bottom: 0cm; margin-top: 16px;\" start=\"2\">\r\n<li style=\"margin: 12pt 0cm 0cm 0px; font-size: 11pt; font-family: Times, serif; color: black; font-style: italic;\"><span style=\"font-style: normal;\">Algoritma Exhaustive</span></li>\r\n</ol>\r\n</li>\r\n</ol>\r\n</li>\r\n</ol>\r\n<p style=\"text-indent: 42.55pt; margin: 0cm; text-align: justify; font-size: 11pt; font-family: Times, serif; color: black;\">Konsep pada algoritma exhaustive yaitu mencoba semua kemungkinan yang ada kemudian mengembalikan solusi yang paling optimal. Karena algoritma ini mencoba semua kemungkinan yang ada, maka diasumsikan waktu eksekusi yang dibutuhkan oleh algoritma ini lebih lama dibandingkan waktu yang dieksekusi oleh algoritma greedy. Namun begitu, algoritma exhaustive juga bisa mengembalikan nilai optimal seperti algoritma greedy. Di dalam algoritma sendiri ada fungsi rekursif yang mencari semua kemungkinan. Setelah melewati fungsi rekursif tersebut, barulah algoritma ini mengembalikan nilai minimum.</p>\r\n<p style=\"text-indent: 0cm; margin: 0cm; text-align: justify; font-size: 11pt; font-family: Times, serif; color: black;\">&nbsp;</p>\r\n<ol style=\"margin-bottom: 0cm; margin-top: 16px;\" start=\"7\">\r\n<li style=\"list-style: none; margin: 12pt 0cm 0cm 0px; font-size: 11pt; font-family: Times, serif; color: black;\">\r\n<ol style=\"margin-bottom: 0cm; margin-top: 16px;\" start=\"2\">\r\n<li style=\"margin: 12pt 0cm 0cm 0px; font-size: 11pt; font-family: Times, serif; color: black;\">Analaisis Kompleksitas Waktu Algoritma</li>\r\n</ol>\r\n</li>\r\n</ol>\r\n<p style=\"text-indent: 42.55pt; margin: 0cm; text-align: justify; font-size: 11pt; font-family: Times, serif; color: black;\">Permasalahan penukaran uang atau <em>coin changer</em> sendiri adalah permasalahan yang mirip dengan permasalahan knapsack. Secara umum, permasalahan penukaran koin yaitu NP-<em>Complete </em>ketika nilai-nilai koin besar diwakili dalam biner namun dapat diselesaikan dalam waktu polinomial [3]. Pada algoritma greedy, kompleksitas waktunya adalah linear sedangkan pada algoritma exhaustive kompleksitas waktunya adalah faktorial.</p>\r\n<ol style=\"margin-bottom: 0cm; margin-top: 16px;\" start=\"8\">\r\n<li style=\"margin: 12pt 0cm 0cm 0px; font-size: 11pt; font-family: Times, serif; color: black; font-weight: bold;\">Experimental Results\r\n<ol style=\"margin-bottom: 0cm; margin-top: 16px;\" start=\"6\">\r\n<li style=\"margin: 12pt 0cm 0cm 0px; font-size: 11pt; font-family: Times, serif; color: black;\">Study Case</li>\r\n</ol>\r\n</li>\r\n</ol>\r\n<p style=\"text-indent: 42.55pt; margin: 0cm; text-align: justify; font-size: 11pt; font-family: Times, serif; color: black;\">Tiap mata uang diseluruh belahan dunia memiliki pecahan mata uang. Oleh sebab itu ada yang disebut istilah &ldquo;menukarkan uang&rdquo;. Yaitu proses dimana pecahan uang yang besar diubah menjadi pecahan yang lebih kecil. Seiring perkembangan zaman, komputerisasi sistem ini terjadi. Komputerisasi dari sistem penukaran pecahan uang ini memerlukan adanya algoritma, yaitu urutan langkah-langkah logis penyelesaian masalah yang disusun secara sistematis dan logis.</p>\r\n<p style=\"text-indent: 42.55pt; margin: 0cm; text-align: justify; font-size: 11pt; font-family: Times, serif; color: black;\">Algoritma penukaran uang telah banyak dikembangkan dan diterapkan. Masing masing algoritma memiliki kelebihan dan kekurangan masing masing baik dari &ldquo;Run-Time&rdquo; sampai hasil ketepatan output-nya. Sehingga tiap algoritma perlu diadakannya analisis kelebihan dan kekurangannya agar penerapan algoritma sesuai dengan kebutuhan [4].</p>\r\n<ol style=\"margin-bottom: 0cm; margin-top: 16px;\" start=\"9\">\r\n<li style=\"list-style: none; margin: 12pt 0cm 0cm 0px; font-size: 11pt; font-family: Times, serif; color: black;\">\r\n<ol style=\"margin-bottom: 0cm; margin-top: 16px;\" start=\"7\">\r\n<li style=\"margin: 12pt 0cm 0cm 0px; font-size: 11pt; font-family: Times, serif; color: black;\">Computer Spesifications</li>\r\n</ol>\r\n</li>\r\n</ol>\r\n<p style=\"margin: 0cm; text-align: justify; font-size: 11pt; font-family: Times, serif; color: black;\">&nbsp;</p>\r\n<table class=\"MsoTableGrid\" style=\"border-collapse: collapse; border: none;\" border=\"1\" cellspacing=\"0\" cellpadding=\"0\">\r\n<tbody>\r\n<tr>\r\n<td style=\"width: 97.55pt; border: solid windowtext 1.0pt; padding: 0cm 5.4pt 0cm 5.4pt;\" valign=\"top\">\r\n<p style=\"margin: 0cm; text-align: justify; font-size: 11pt; font-family: Times, serif; color: black;\">CPU</p>\r\n</td>\r\n<td style=\"width: 366.8pt; border: solid windowtext 1.0pt; border-left: none; padding: 0cm 5.4pt 0cm 5.4pt;\" valign=\"top\">\r\n<p style=\"margin: 0cm; text-align: justify; font-size: 11pt; font-family: Times, serif; color: black;\">Intel Core i7</p>\r\n</td>\r\n</tr>\r\n<tr>\r\n<td style=\"width: 97.55pt; border: solid windowtext 1.0pt; border-top: none; padding: 0cm 5.4pt 0cm 5.4pt;\" valign=\"top\">\r\n<p style=\"margin: 0cm; text-align: justify; font-size: 11pt; font-family: Times, serif; color: black;\">Memory type</p>\r\n</td>\r\n<td style=\"width: 366.8pt; border-top: none; border-left: none; border-bottom: solid windowtext 1.0pt; border-right: solid windowtext 1.0pt; padding: 0cm 5.4pt 0cm 5.4pt;\" valign=\"top\">\r\n<p style=\"margin: 0cm; text-align: justify; font-size: 11pt; font-family: Times, serif; color: black;\">DDR 3</p>\r\n</td>\r\n</tr>\r\n<tr>\r\n<td style=\"width: 97.55pt; border: solid windowtext 1.0pt; border-top: none; padding: 0cm 5.4pt 0cm 5.4pt;\" valign=\"top\">\r\n<p style=\"margin: 0cm; text-align: justify; font-size: 11pt; font-family: Times, serif; color: black;\">Memory size</p>\r\n</td>\r\n<td style=\"width: 366.8pt; border-top: none; border-left: none; border-bottom: solid windowtext 1.0pt; border-right: solid windowtext 1.0pt; padding: 0cm 5.4pt 0cm 5.4pt;\" valign=\"top\">\r\n<p style=\"margin: 0cm; text-align: justify; font-size: 11pt; font-family: Times, serif; color: black;\">4 GB</p>\r\n</td>\r\n</tr>\r\n<tr>\r\n<td style=\"width: 97.55pt; border: solid windowtext 1.0pt; border-top: none; padding: 0cm 5.4pt 0cm 5.4pt;\" valign=\"top\">\r\n<p style=\"margin: 0cm; text-align: justify; font-size: 11pt; font-family: Times, serif; color: black;\">GPU</p>\r\n</td>\r\n<td style=\"width: 366.8pt; border-top: none; border-left: none; border-bottom: solid windowtext 1.0pt; border-right: solid windowtext 1.0pt; padding: 0cm 5.4pt 0cm 5.4pt;\" valign=\"top\">\r\n<p style=\"margin: 0cm; text-align: justify; font-size: 11pt; font-family: Times, serif; color: black;\">Intel@HD Graphics 3000</p>\r\n</td>\r\n</tr>\r\n<tr>\r\n<td style=\"width: 97.55pt; border: solid windowtext 1.0pt; border-top: none; padding: 0cm 5.4pt 0cm 5.4pt;\" valign=\"top\">\r\n<p style=\"margin: 0cm; text-align: justify; font-size: 11pt; font-family: Times, serif; color: black;\">Core Clocks</p>\r\n</td>\r\n<td style=\"width: 366.8pt; border-top: none; border-left: none; border-bottom: solid windowtext 1.0pt; border-right: solid windowtext 1.0pt; padding: 0cm 5.4pt 0cm 5.4pt;\" valign=\"top\">\r\n<p style=\"margin: 0cm; text-align: justify; font-size: 11pt; font-family: Times, serif; color: black;\">643 Mhz</p>\r\n</td>\r\n</tr>\r\n</tbody>\r\n</table>\r\n<p style=\"text-indent: 0cm; margin: 0cm; text-align: justify; font-size: 11pt; font-family: Times, serif; color: black;\">&nbsp;</p>\r\n<p><span style=\"font-size: 11.0pt; font-family: Times, serif;\">&nbsp;</span></p>\r\n<p style=\"margin: 0cm; font-size: 11pt; font-family: Times, serif;\">&nbsp;</p>\r\n<ol style=\"margin-bottom: 0cm; margin-top: 16px;\" start=\"10\">\r\n<li style=\"list-style: none; margin: 12pt 0cm 0cm 0px; font-size: 11pt; font-family: Times, serif; color: black;\">\r\n<ol style=\"margin-bottom: 0cm; margin-top: 16px;\" start=\"8\">\r\n<li style=\"margin: 12pt 0cm 0cm 0px; font-size: 11pt; font-family: Times, serif; color: black;\">Experimental Results\r\n<ol style=\"margin-bottom: 0cm; margin-top: 16px;\" start=\"3\">\r\n<li style=\"margin: 12pt 0cm 0cm 0px; font-size: 11pt; font-family: Times, serif; color: black; font-style: italic;\"><span style=\"font-style: normal;\">Run-Time Graph</span></li>\r\n</ol>\r\n</li>\r\n</ol>\r\n</li>\r\n</ol>\r\n<p style=\"margin: 0cm; text-align: justify; font-size: 11pt; font-family: Times, serif; color: black;\"><span style=\"position: absolute; z-index: 251656192; left: 0px; margin-left: 419px; margin-top: 870px; width: 328px; height: 57px;\"><img alt=\"Unsupported image type.\" width=\"262\" height=\"46\" /></span><span style=\"position: absolute; z-index: 251653120; left: 0px; margin-left: 30px; margin-top: 873px; width: 327px; height: 54px;\"><img alt=\"Unsupported image type.\" width=\"262\" height=\"43\" /></span><img src=\"data:image/png;base64,iVBORw0KGgoAAAANSUhEUgAAA+gAAAPoCAYAAABNo9TkAAAABHNCSVQICAgIfAhkiAAAAAlwSFlzAAALiQAAC4kBN8nLrQAAIABJREFUeAHsnQn8fUP9/0e0iLQnlSxRZCc72SopyZaSvShb/CpFpQhlTQttRCohEi0qRVS0oCRLki2hPRTtdf7v5/yb85gz95xzz733nLt8vq/343Hv2WZ5z2vW98x73jNfZuREQkAICAEhIASEgBAQAkJACAgBISAEhMBEEXjYRGNX5EJACAgBISAEhIAQEAJCQAgIASEgBISAR0ACugqCEBACQkAICAEhIASEgBAQAkJACAiBKUBAAvoUZIJYEAJCQAgIASEgBISAEBACQkAICAEhIAFdZUAICAEhIASEgBAQAkJACAgBISAEhMAUICABfQoyQSwIASEgBISAEBACQkAICAEhIASEgBCQgK4yIASEgBAQAkJACAgBISAEhIAQEAJCYAoQkIA+BZkgFoSAEBACQkAICAEhIASEgBAQAkJACEhAVxkQAkJACAgBISAEhIAQEAJCQAgIASEwBQhIQJ+CTBALQkAICAEhIASEgBAQAkJACAgBISAEJKCrDAgBISAEhIAQEAJCQAgIASEgBISAEJgCBCSgT0EmiAUhIASEgBAQAkJACAgBISAEhIAQEAIS0FUGhIAQEAJCQAgIASEgBISAEBACQkAITAECEtCnIBPEghAQAkJACAgBISAEhIAQEAJCQAgIAQnoKgNCQAgIASEgBISAEBACQkAICAEhIASmAAEJ6FOQCWJBCAgBISAEhIAQEAJCQAgIASEgBISABHSVASEgBISAEBACQkAICAEhIASEgBAQAlOAgAT0KcgEsSAEhIAQEAJCQAgIASEgBISAEBACQkACusqAEBACQkAICAEhIASEgBAQAkJACAiBKUBAAvoUZIJYEAJCQAgIASEgBISAEBACQkAICAEhIAFdZUAICAEhIASEgBAQAkJACAgBISAEhMAUICABfQoyQSwIASEgBISAEBACQkAICAEhIASEgBCQgK4yIASEgBAQAkJACAgBISAEhIAQEAJCYAoQkIA+BZkgFoSAEBACQkAICAEhIASEgBAQAkJACEhAVxkQAkJACAgBISAEhIAQEAJCQAgIASEwBQhIQJ+CTBALQkAICAEhIASEgBAQAkJACAgBISAEJKCrDAgBISAEhIAQEAJCQAgIASEgBISAEJgCBCSgT0EmiAUhIASEgBAQAkJACAgBISAEhIAQEAIS0FUGhIAQEAJCQAgIASEgBISAEBACQkAITAECEtCnIBPEghAQAkJACAgBISAEhIAQEAJCQAgIAQnoKgNCQAgIASEgBISAEBACQkAICAEhIASmAAEJ6FOQCWJBCAgBISAEhIAQEAJCQAgIASEgBISABHSVASEgBISAEBACQkAICAEhIASEgBAQAlOAgAT0KcgEsSAEhIAQEAJCQAgIASEgBISAEBACQkACusqAEBACQkAICAEhIASEgBAQAkJACAiBKUBAAvoUZIJYEAJCQAgIASEgBISAEBACQkAICAEhIAFdZUAICAEhIASEgBAQAkJACAgBISAEhMAUICABfQoyQSwIASEgBISAEBACQkAICAEhIASEgBCQgK4yIASEgBAQAkJACAgBISAEhIAQEAJCYAoQkIA+BZkgFoSAEBACQkAICAEhIASEgBAQAkJACEhAVxkQAkJACAgBISAEhIAQEAJCQAgIASEwBQhIQJ+CTBALQkAICAEhIASEgBAQAkJACAgBISAEJKCrDAgBISAEhIAQEAJCQAgIASEgBISAEJgCBCSgT0EmiAUhIASEgBAQAkJACAgBISAEhIAQEAIS0FUGhIAQEAJCQAgIASEgBISAEBACQkAITAECEtCnIBPmdRY+8YlPuPnmm6/0d8MNN8zr8Ayd/j333LMU03XWWadvmP/973/dIYcc4p7ylKe45ZZbzl100UV9/cjB9COw5ZZblpYJ6t/JJ588/QkQh+6aa66pzMMzzzxz7AidcMIJlfxsv/32Y+dnkAjVzg2C1tx0W1efnvSkJ83NRCtVQkAITD0CC0w9h2JQCAiBsSNwyimnuGOPPdbH+/vf/9694hWvcLfccot7xjOeMXZeFKEQEAJCoAsE1M51garCFAJCQAgIgVER0Ar6qAjKvxCYgwh85zvfKaTqb3/7m7vqqqsK7/QgBISAEJhlBNTOzXLuiXchIASEwNxFQCvoczdvZyZlG264oTv11FM9v9/4xjfceeedNzO8TzOju+++uwvq7G9/+9sdK+FNadVVV3Vnn3127vxhD3uYW2mllfJn3cwmAgcccIDbeuutPfM/+9nP3Iknnpgn5OEPf3h+r5vpRWDJJZfM28s0DyfB9eabb+4e97jH+ahRGX/961+fszHtZWqUdi7LMvflL3/ZvfCFL3QLLrhgnmbdzBYCcX2CczTHbr31Vp+ILssvk96Md17+8pfPFmBzkNtf//rXXkNwo402moOpU5JmFgHrZERCYGoQOP744zOrTPnv+uuvnxreZpmRZz3rWTmma6+9dt+k2OAhe9nLXub9POIRj8g+9KEP9fUjB7OFwDe/+c28TFDnbJJsthIgbrM0Dz/zmc9MFJV//etfhTK10047TZSffpEP0879+9//zmzyMrMJS5/W++67r180+j5DCKy//vp5GX7605/eOud//vOfs2OOOSYz+y7ZKqus0nr4CrA5AnfccUe2zz77ZI985COzAw88sLlHuRQCY0BAK+gzO7UixoVAdwg86lGPcl/60pfcH/7wB7fQQgtphag7qBWyEBACE0JgmHYOo3gY0BQJgWEQ2GGHHdzXv/5173WxxRYbJgj5aQmB5Zdf3v39739vKTQFIwTaRUACert4KjQhMKcQkBXbOZWdSowQEAIlCAzSzpmWQEkIeiUEmiGg8tMMp3G4Ul6MA2XFMSwCMhI3LHLyJwSEgBAQAkJACAgBISAEhIAQEAJCoEUEJKC3CKaCEgJCQAgIASEgBISAEBACQkAICAEhMCwCUnEfFrkx+sP69uWXX+5+9atfOazkPvWpT3Vm6Mstu+yyI3Fxww03uJ/+9KfuN7/5jUPVBzW/Zz/72W7dddd1CywwfUXjj3/8o/v2t7/t7rrrLvfPf/7TsX/rec97nmMf0TBEmq+99lqHJeTf/va3PognPvGJzgy3uNVWW83NP//8wwRb6Qesf/KTn7h7773XPfrRj3ZmuM1tsMEG7rGPfWyln6Yfbr75ZvfjH//YpwPrsKQDq+uUk7bT0ZSn1N0999zjrrzySp9/8803nzMDPD79bZytTv5dccUVvizff//97jGPeYwvy+utt55bZJFFUlYaP4MreUYdAVesVS+33HJurbXW8nvzGwfUwGGX+DSIfixO7r77bvf973/fl9O//OUvvs1ZfPHFHSc5YOugTfrPf/7jy9vPf/5zR9ux6KKLuuc85zm+faP8VdFtt93mOH4Ly75Y537mM5/p+TOjTlVeBn7fVZs+MCPmgXR+73vf81fy5PGPf7wjT7BovPDCCw8T5Fj8mHE2n7+33367g294ffKTn+z7BPqxaaau+p5ZxmSY/OoKx2F4mVf9jDsPpq2fpP3kCFr4ov4x9uBkAMZe9DnTQOMcx0xDeucMD2MwRKcoKhDAEqwVpNKfVfrMhJlsiy22yOyIq1I3K6+8cvbFL36xIvTy1zZozT7ykY9kJtyXhgk/JoRk73znOzMb9JQH8r+3dsRMZRhYX8dC7tFHH50997nPzbAEHqf1sssuKw27zIr71VdfnW211VaVOBD+5z73udLwyl5+7Wtfy17xildkJiQXeIr5w3qrHUGVgVcd1WFggr/3eu6552YrrLBCaVxmpCjbb7/9+mJdxsM//vGP7AMf+EC21FJLlYZNemwyJ/vgBz+YWYeRu6mz4m5CUu4uxuOVr3xlGQue79hdfP/Rj37U+/nRj36U2VFEpflnglL2kpe8JPvFL35RGn6/l2bILiM9hBPHHe7J4/333z9785vfXPheF59NpGRveMMbvJXdEE56BSfy7YEHHqhlkTqU+g3P48CnjrnUAnidFffDDjusMh2kp+60BerQmWee6S0Wh7SnV9oH6jh1vR+leRnCssGQ92pGf7L3vve9mU3glfJswmf2yU9+sieaiy++ONt4441L/dgkV2bGnTKbXOvxF78Yd5ue5uEgVtwvueSSDIvVVXWHPHn1q1+dYem4KdlgvYBfnRV3+oCQd2XXk046qTRam4zLdtttt54+JQ6D9pZ2t4oGbedssqKW1zjuOsvcbfY9cdrawCQOL71/7WtfW5r+NdZYI3WaP1PvsVQesKk7CQQL2sFdfLUJtTy8+KYrHIljECvuMa/p/XbbbZeznH6re06tiVeNHV760pfm4ac38aktcVwxT6mfQZ/bzINx9ZP92pwYK+4vuOCCUlgYn9PH2GR9abnFL+P2LbfcMjPhuDSM+GVVn2YLLd6ZCf/Z3nvvnS2xxBI97XUcTnzf5jgmDlf340PAjS8qxZQiUDeY23HHHXsqYtp4hGcGQbainAbf80wnbit/lQ1KCC9c6RhstbonnPCiTjj94Q9/mNUNamgoyygV0OlQqiYoAp/hauc7+0mBsnB5R1pMO6Bx+gnXzijNOFaniuowsBVdP8ES+Ku7MtnC8StNiUa/bpKlLq5xCegnn3xydvDBBzfKP9MiyGylumnyPVYMUOrSWfetTEAnn3feeefG9Y7wl1lmmcxW1yv5rht4dIlPJUPRh1S460JAZ2AxSJsDpkx8IOhVUdVgBgHdNGJ8ntTlffj2f//3fz4K07jIaG/D+7rr0572tOyXv/xlFWv++K0q/1206WkeNhHQwbZK4Crjnbr5rW99qzLN8YeuBXTThvCTjmV8lr0jnZTrtL8Zt4DeRd8TcG8LkxBe2bWqvNQJ6CwwxHmy+eablwXt3zUV0LvEMTAnAT0gUX7tIg/G1U+2IaCzKFLVfsTlPdyzSGCan+Vg/u9tVZ+GgE79ZsEohJde04C7GMekceh5PAhMnx6zlT6Rcya85zA84QlP8OrstqLhUL9ERTqmz372s1799vzzz49fF+45Lgs10ltuuSV/j7qudUbOBp1eZdyEFmeCtbOZb+/mxhtvdCagepVUOycy99fk5qCDDnLf/e53mzitdROnCVVwVBdRO73zzju9qnTs+cILL3R2drezlTBnQn38yd+j9n3rrbcW3vMOFWuwQD3ppptuctbA5W5MQ8HZmaXuHe94R/6u6Y3NnjrUrQOhIkt8qEsTV0yov9sgxZ1++unx69J7tiaQl3HYOOTIIJtU8Srz5Deq+zZgLg1jHC8PPfTQAo+ofqHWbhMRPWXYVqKdaTV4nvup5D/00EM+/dddd10hGagtmzaFVyuzDt+h2kxcTYl4yRdrenMvbEUwDQVHHTSNBUedIP5AlCcT6p0JSuFV42tX+DRmoGOH1FHal7S9Aku2plCfUQ+0VXOPbWDnwx/+sLNVW3/MX7+yEPxwJe/YnhOOzaENoLyRhzao9G1k7N4GWs4mWBzxUVcCwR+qiajF/+53vwuv/ZW07Lrrrn7LUeFDg4e22/QGUfY4oWybNoz7whe+kH+jX1lnnXXc0ksv7bc2sZWKrSgPPvigd0PdpB9gCw14TYrol7bffnvffgYeaFM322yzPL9Q1aePDHTaaac5fjaJ7Uw7Irwe+Eo5DGWRbWZxGxHeh0DLtod11fdMEpOQ3qorx3TGxDY92k4TbuLXA913heNATAzhOC4jYXwVgom/8S59Du6m5TruPGizn2SMEOMb5wXf0nFj+kweMKaKxwCER9sJLtR9xtFsuQv017/+1W277ba+XaLPG4QYizIuQn2+KcHPOMcxTfmSuyEQGM88gGIpQ8AGEn52nxl+VNkt+wo/Vp7svMyeFVxmpp///OcX3OIX1fUqsgYid//whz88s7NcS1eb4SldZWZVu4yYSYV3fqxep/zzbAMqv/pijWzhe7qiEcJPV9AJY8UVV/SqRqh0x2QDxlLc3vOe98TOCveoJbFajfqkCRCFbzzYgDzbc889C7yygoTabBn1w8AabK+aZEJ17t0GeBmr66uuumohHtzaHt3cXdkNM802SVHwZx2Dz3sbUBe8sMUANc80nroV9DPOOMPn58c//vFCHFUq7qyYhTLAanlZGXjRi16UoU5rnWHOnwm2XmU4dX/OOefkbqpuULuN/VmHlNmEUIbaWUzEB85lZbNsBR2/NsDPWIl917ve5Vf0mY2OiXKAqiZ1KObhBz/4Qewsv58EPnnkfW7S1VfysYrYpmD2EgppZhtAyPs//elPBa/gtPrqqxfcs/p81lln9bRnlGm2wrDdI8aU8lRGaOeEeM3+RMEP/m0PtQ8v1myg7bCJzIy6EscR7m0glu2+++4Z6YwJrY5NN920x09Vfo+zTYfPNA/7raBTdkOauZJmNKtSQqvgda97XcFtnUpt8E95j8OvU3Fnu0C6MktbEfLWJsNCsP560UUX9YRd1i6z7YttWnV8DNrOxYy89a1vLYSd9kux2/i+7b6HsNvEJOY1vbfJdp8vseo09bVKBRj/ZXWzakue2aUotNO06WwBOu+881JWvGpxm314GsEgK+iMNeK+gK1kp5xyiseKPq+MYo0ixlr9yBYpfHjve9/7CuWurj7S71OPKHNxPWhLxb3tsjyJftIE5wI2b3vb2/plhf9Of0Vfttdee/mxLeHExPjuq1/9as8WK1voiZ0V7vv1aZQx+GMLGNsF4zwtBPS/h7bHMWVx6F33CEjFvXuMG8WQCjdvetObCgJNGgiCw2te85pCRTUDOaVCN+qJcYX+xCc+kQZXeLbZN98ABT/s2aTRqaMjjjiiEAd+bdU594JARGcefmYkKf8W36QCOsIyjXcVwdcb3/jGQtxmLCgjDWXEYKpfWvDHftiQfq6XXnppWXCFd0ceeWTBDwOUOrVteFzC9hTF8dgKeiHM9IEBQezeDFhlCAV1BH6mJZD7qxPQQzjpQLtKQA/uuTKIi3ljkFy3DxQ/bCGI/djqJK8rKVWbpOOiM+xHqE3H8VQJ6IRTNuhPw8c+QRweNhv60Tjw6cdD/D0V7hjQVVFaLxmg1RETgDE+DOxtZbbOiy8/sZDOIN00fmr92OppIR7qbVXbQkAMcAg35o19skzkVBHbh1Dljf0cfvjhVc7z91226SGSNA/rBHTsJdA2hnSwnaMfxdtI2KveLz/SdqNOQGeSNubHtJ+yOmGX/iTwTr1PJyTjtDAYDm65VvGR8tuknXvLW95SCLvJ9jJ466Lv6QKTGMf0nnYuxrXK9gTta3AXq+cy6VNFTM4EP9TrKuoCxziupgI6k+nskQ88s92JCft+tOaaa+Z+zIhpP+f5dyagQ1xc6wT04CnOB/y0JaB3mQfj6idtFbyA59vf/vYAW99rkzHCNddcU9jeZ1qPfcPFQTohzOQxC3WBmMwK4+i6CbImPA4zjgl86No9AhLQu8e4UQzpYK5OgAgBMjBIV6lMnS98zq/bbLNN3hBVGV3JHf/vJl3x7me8KRXQMdyWrj6mcZQ9p4JA1QAg9stK6UaJER8EhFEIg1FxZ2hqsH2DSwX0usYzBPb+97+/EE9qICa440p+MwkT+GLAzExpE4pXPsYloNelJfDMnuGQHq51Bpbwkwr0rLw2oTRvmtSvunCZRY9XTjA62I/SgUcX+PTjIf6eCndVAvq73/3uQh71q1sMDNBCCPlKOe3XfgS+0vrACmsdpQJ61cRcHEZahuqMVwV/n//85/P0kC40kvpRl216iDvNwzoBHWORcZ7009YhDlYBgx+utM91lAq8VYIxA07bqpSHDZ79BF00NgIvaBvVCfN1PMbfUn6bCOjpflHCaJMG6Xu6wKQuLRieCnlQVx7i1V7KJEIG7pkoLiPaU9tGl4f9sY99rMzZQO8GwTEOuImAfscdd2Sm1pzzy7gKextNKJ7sI66mNE0CelOeh8mDcfWTlLm4LMcLSk3T189drI3K2K0JpQL661//+ibehnIzzDhmqIjkaSgEejfqWokVzQYCJiA4W8kpMGuWNQvPNuhx8TtbYSp8r3owNazCJ45GGoR22223wl6fQfwO6pZ9QkcddVTBW5zmwoeGD+leS1PhbehzMGfWQRc8sO+1ikyt1nE8UyD221sHEB5n8sqRdhyPFKgu/TYgd9/4xjeCU8f+UzP0lT+P8waeOe4wUFflYxB8Ai9tXg855BB32GGH5UGakOdMQMmfy244oizeg0c5Zc95E9pnn318vga32JUwjZfw2Mo1rXPsPexHHNcXU1f53aRNj/kY5B4sA5Ef7M/vR7ba52J8Bu0HysLHrgf9EMcWQiYUOzuFw5H2OjL14fwzezNtUjh/HueNjbQK0dH/tEmD9D3jxoSjO00YzZNb1c+SxxD2H7AbgI0DiGMWU9shvLeJoNwOhWm4+D27vB+FBsFxkHhsctfZFkPH8X4Qdk/YX48tnyYUl5+2y06T+Mfppqs8SNMwTD8Z5wPhdZEXcfqH7TNMUzZNbmvP4xrHtMbwPBZQuz3LPAbeNCT3xS9+cUHAMVXNAlu2pzI3msQHO+7In+PMWc51vwMOOKAQTmxEqfDhfw9pYzfuc2g5T5xz0QNhLGiUgT3GPmKKjYnE70e9x7BITGHQGr8L95wBHxPGQ2adGPxz7nKguvTbKmw+qMc9gh+G8SZFcRnpqnwMgk+bOFCfMVp47LHH+mDhw/aEurRdKIvTVnULrwcppxijtGP3cv9M2JiWRf7cxk1a55qEmfqpK6dNwqtz069Nr/Nb9Q2BFgOggTAWWtf+h29M1MYCer9+IIRfdUUQR2Bj4hiyFXaHkdO4LlX5xR8G7QLZdh8v+OE/NtoUvnd1TfuVGJ824kyxqGtbJoFJXJ8ZbwRjgiHtCCIYGYQw4EcbberY4bOzffP5fbj5yle+Em69MT/Osx+VBsGxaVwYCUU4x5AiZHvhvXAeT9b2CysuP22XnX5xj/t7F3lQlgZwbDqOCP7jfOBdF3kRp7+uHgeeuI57LD0MjzG/uu8OgaIU0l08CrkjBFh1WG211XKL6VgdpiFgFhoyVaxCzFhN5jcopdaMB/U/DvcMJsPMPQNoU3f1ljXL4mY1msEiV2bCcUuDzYw/FpwH6XDLwm/6bpBZ2zAoCGGbqly4nelrUwzGmX47Sst96lOf8gNNBmUMOlnBR4B80pOe5C27x6vEXWZAU3xG5cGM3jh+KRG/GT5ypm6efip9ZoUpplQbJ/5Wds+q7RlnnJF/og1rs6wPg+cwfvIEDHjTr00fMDjvnPYba8KBsMzOb1AatB9AeOZXRnvssYczeyiNV67M3oaz7QgOLYswiGXSgR/tNhN2rMabwdVOJ+5C3CFNgw7s2+x7JoEJAnrQWGOixWzceI2IgAcCeBBGOMkEQkA3FWJ/z3fb7+vv+QNPsyOSP++www75fd1NmzhWxYP17Kr8ZdzFZGQ6eVcVVngfl59xtish/jav48iDpvwOimWcD8QxqH9TD3ef/vSn/QQNJ1yg3chEIe03pwKZfaGhxtpN09vE3TSNY5rwKzdFBCSgF/GYyScEhkAImQy8OCoIGlatJoQXrl2uGIU4Rr2ms+6kPe08abB22WWXfEIjjZNGl196HFtVJ5367/KZo9NiStMWf5uL9+NIP+Xc9nV6ATEMMmMs+c5EQTpZMA3lI+azzXsz3tRYOCfeVIhjK8IglNbjeFvHIOHMstu6Nn2YdE1bP0D6ELYHHRTbfkxnRkvd/vvvX5h8ZvKBCVd+HGVkJz04swHgB8nD4FXnJ155G6Ted9X3jBsTVo3RkAtHtpo9gYKAHh+vFrRhUEEm32g3EerQjAn9F1p+YdGgiXp7VzjW5XnZNzs1J09D2feqd8OWn6rwJvF+WvJglLTH+UA4g9Rljuhk61fZMa5M5DN5n07gDxL+KOnCr8YxoyI4Hf4loE9HPozEhRllKviP9/SmAyDO22Yf2VykoDYZ0saqSkzsfUPYiAUIBgScg85KRKw+CaZBTS8OY5L3MX/wYcaJJsnO2OPuOv10ti94wQv8udxx4tCoYDacc9xjonykdS/+Pmv3qAiGOmNHlOWrYAzAsXXBbxhKB0L9whh1ZaNf+LPwPS1XcZs+DP9pP4BwzERU10R5CqqnaCmFVXwm28yitPvyl79caHeb8IPQ9/Of/9yxp/6Tn/ykt0sRT6YxQc12DLQwzNiYP7e+SbhN3cTls+mgu+u+Z9yYsIrOFgOI9iEQfbAZBvOPCOX0rYHg0Y7v9Jpq+GF7AxSrt2+yySZeQyn4Sa9d45jGx/ggaNNRdinDgVjppw9g4mEQGqb8DBJ+127HnQddpSfOB+JoWpf33ntvX45jvpgUXNJsZMQTq3y/6aab8smn2H2X9/P6OKZLbMcdtgT0cSPeQXwMpgMtssgihQFPmKUO32PhNLxr45o2dm2EOWgYadrilTiEhB133DEXzul47Txbv6c2dMBxfKi9m+Xz/FXTxjv30MFNWV42MfTUASsTCbIs/W0yYscnFYRzBAg7D93vMyyLh0mdsJI+DeWjjMdB3h133HHOjjX0Xuw0iPyeF2bJ3WvlNNmDnq6Ys5IQNHqa8FNXj5v4nwtu6tr0YdLXdd2p4slOEPF2T/huR046O20jX3XC4KMd9ebOOeecgVfSUSNFSOQHVqjRm7XwggEyVpF23313P0GA+ntbFE84pRMfZXGMq+8ZJyaxgM4WFCZMMB6HujsaaFC87zw8I6BDqLmXCeiEW0XjwjGOn7EBhu2g+++/3+8/t5Nl/DNtv51J7bXx4rGG/1jzN2j5qQlq7J8mkQddJTLOB+JoUpfPPvvsgnDONgc7IcbbTSkbA9ixsb5dIvyy77xPadSx9Lw+jknxnOVnGYmb5dwz3lktYFU8EOpnMaUCXBtWeOPwp+WexhbVuUAI1/GKKzP2sYEjrFHbWc757HjwF66jNpIhnDavSy21VCG4q666qvA81x/FyUyPAAAgAElEQVS6TD+DL1bjAmF8yY7WqhTOcTeNZSTwP+qV/eZhhSyEhcV8hKB+tOyyyxacYLBxEIrrMf5iq9GDhDOrbvu16cOkCwE9Nqg4iX5g1VVX9ave2HEIdN555zlUtEchhChOFmACgLLGKmwg6uib3vSmVutqXO+bDLon0fd0jQmr43E9D9bcY/X2VEAPBuPIG1bZ0XpAtZ39u1A/9fZJ4OgZ+98f+4rhAW2qQExMYNSxTNU5uEmvg5af1H94jsMJ77q+TjoP2kxfil+TumzHgOYssGKO4V7KeZXfNI7cc0c3Gsd0BOyEgpWAPiHg24qW1YdYvQ8V3Zg4TiceEGHUAou+c43oOGicAjGzHZOdrZk/gkdYKcxfJjfp7GryeSKP8cATBs4///yJ8DGpSBngM0gKRJ63Zb0ZQ1PxlgH2uPajaSwj/Xge5DuGnOIVcwYbHPkSD8LLwkvboCojYWV+sQgdW3nm6KIVVlihzOmcfdevTR8m4VjqXXvttXOvDCxTOxv5xw5vaMM4SSRercJQHNpMbRDHTnJkV9j7TJikE0GqLYoH3VUD8ziuSfc9XWESr3bTFkNsWYCYEApHq/kX9sd2h9CHYROBSSLqesCTb6mKcPDLddI4wgPtEZofMZ9MMKChgcZGEwrpxW2T8hPCjCfYeBer2wc3XV+nIQ/aSmOcD4TZLy/IX+wlBEI7J932Fr6F67jHCBrHBOTnxlUC+gznIystrAIHYtCDGndMNOocCxIIC8unnnpqeGztmjZ2rQXcICAmHOKzmvHyqle9quAzPl+bRjWetCg4/N9D2rD2a7zLwmj7HQJqvN8NC7LTtk++7TTH4bHCEq/KMCGDJkQbFJcPwosHYFXhx2VkGspHFZ+jvMcYTtymUNewlH25nftbRagxs28/0GWXXVY4vz68L7sef/zxhYm2phady8KaxXdN2vRh04X9jUDkY7CqHd6N64p2yoc//OFCdOT70UcfXXgXPyBgI8iHH6rUVUQ/iGppTPfee2/8ONI9quSBmvR7cdvSZt8zaUxiAZ0JH/qioA7OqnI8CRPwittvhPN4/3m/ut4VjoG3plcM5GF1PrYL8Z3vfMfBf5PFj0HLT+CLfc70gYFQtccg2ThpWvKgjTTH+UB4/epyOOknxN3VGKEfHyH+smucP3zviseyuPWufQQkoLePaSshpvsw00CZzWPgfNddd+Wf2DNbdv74G9/4xtwNN6iqNll9ve2227y13KYzw4VIWnropzpGY8Yq3zXXXJPHyIoBQkJMcUOFgaJY3T12F+6DoZvwPA1XBjwHHXRQgRX2cMZloPDxfw9Y200toJe5m4V37K+Kib3RrJjVEYaL0jPkU/dx+eBbvFKQuuWZ7QWxxkaZm7nwjokHjpuLNVIwYLbVVlsV6lycVia/0hVRBKZ+dY6V+VitnnDS/I7jmbX7Ntv0YdL+ute9LjcCiP9zzz23pz0pC5c2GFsMGIdqizC0lBodRGMj7FFO46E+hmMAudKH1VGwCh7cpPU7vB/mip2XQGjd9Ouj4rjb7HsmjQkTxssss4yHgjaBbQaBYkE8vOMajl3j/oILLsjbbjQ8sFdQR13hWBdn1TeOgvzCF75Q2EbHZMNuu+3WV9CLy88g/TJt8fLLL5+zhLZRVX0Jji699NJw28p1mvJg1AQxWRZPrPfLC+yoxO77jRFo76+99tpR2RzIf5w/eOzH47wyjhkIxClyPL91kodPET/zLCsIGfFqKAI0M3w0yAsuuGCOCwIpq1esYsWVD5UyOry48Q+e2CvGDO+dd97pX6ESz/5aZrvZo85+tdDwYNAJ4fTQQw/1gi8qMwyUU4GXgDCSwh5CVLzgKRy7wjcaClYt+MZgqWziAHcpsYeQleFADNpJEzjEe8r5fsMNNzjUjFAJDYTGADiQppRQ7w9Ex8WeuNS4CxoGCPys6MTE7DUdIvjEe+9iDBACb7755txbjAF74mMVNSwMM6lw9dVX54MUPKIGiCAOblzTdLD3j7Pew2AfIZH0kw4wYqATiNl14kGbIBYmyc+FFlqoNG/OOussf64w8cerG/BFGeE9HVkwoMeKwemnn+7fs3c4LsN0gAjH+MF/3HlQxigzfGM1IkwCsUKAkTHep1iTLvDgbFq+Q5RljlaCD7CJ6wrfqFfUlXQfNHkcGy5jxZfV4rACAm8MQOO8Jj5UM4855hiHsBNb2iZvwZV9sBiOCTRufEK8VVfUSsEe/LiP9yKDB3m74oorFlZqyBMGz2AZViLJ19DekGbqRrw3c/XVV/f7NYN7tiKg6s4WBU6RiMspmB5xxBHuwAMPLGzXAefNN9+8JykMKtjzShpQN40HVrRnrCxRD+PTKjiqDQM/+Lniiit8PoWAsTLO6gjfMPxHWQ1E+wZGfIvrQ1yHKLv4S6mrNp30Uk/hqSwPaRv4ltY5nimPlO1A+KcfofxjcTvkC/kJTieccILf1gDOtO8IICnRr9CfEGeKE+0MRP8Ub0/h3cYbb+zreDy5SltAO0M7zI+yCBFuUJ/mmTTSDrCdIl0JQ92as9IpoxBpoyzFK7qDtnM+oP/90eZjQT4Qdl/ishbex9cu+p62MYn5bXqPgT7KCUR+QLQXCI5xW+w/2B9lgLJCfWS1L2wroi9uYougCxxDPxnKL+1jOJaQ+kDZpSzFFulJD30g/QOCeiDaHgzMkjbCY9yTjluob7SZEO6oU4wvmhDbNWIbHWiS4Je+L9RdtHBom+mjOMUgJtoA6kHaPsZu+t13kQeT6Ccpp4yPwtiIiTYmDuN2IsYCfGnTw4LIjTfe6POWrUOEFYjyRF/HuAMDioFo1+ifKBdcYw2MuE+j/MUr4aFPwx+02GKLhSB7rl2NY3oi0ovxIGACn2gKELAzWzPL8Z6fVfzMGt/M1BMz68Qyq5w9bkw4yGxQUpsKE5JL/RIn/q1iZ9Z494TNdxO0Mmv0e8K3AVOp+zQdJtz3+K16YYJxaZg2CMtsP322xRZb+J91jD3urGHNzNBXVdDZBhtsUPBjDWa2/vrrZ7a6l9m5uZkJVoXvaTp4Jg9iaoqBrR7G3jIb4PeNy6yDFvyEB+tcMxvo9Pi3Bj9bb731Mtt/mZkWQWaD4x43aZrSvKEcpG7SZ1sdCaxkZrG3r3v827FHuR9uTPDq6y/FOgRgx91kJgD2+Keu8J4yAg42sOpxE9Jig/8QXH61Sake98997nMzU13M9thjjwysKIchjLIrPMQ0CXzi+NP7/fbbr5Z/0mTCaurNP5tQlNmAs9S/DTJ7/Jjgltmgtsc97YntN81M6M9sn2pmA58eN9THKrKVuh73aV5QjmMyQbSvH8KwCbPYW2aD8L7+TLAo+AkPXbXp8Jimt+w5rXPwZZNWvg0rc08+2ORYZgP+yvBNIAjJy682iVHpPsRjAkPuPr6BH9P8KvVvEz65U9uWVeqGskQ5sgm3zOyKlLYLtg0mDyfcDNrOBX9cKdf0HSFttLOmMZKZUJqZmr5vf2xiI/bSSd/TNiYFhhs+mNCQ4xDwoJ+tI7AKbsP1lFNOqfOSf+uiD7fJgh5+Al/hapOHOQ/pDeUruEuvJqClzjMTcAvuzfhpZlsVMxOms3e+852+DJsQ3uOPFyagZybwF/wTJ2O45ZZbLltyySUz+qCUj/Q5bR9LI6t42UUeTKqfNJsqBaxImx1BmZ100kmZaelkNkGY2UR8joQtHhXcgytjctMo8+0PY6O69jPkg03S5GFy06RPw69t5Sz4K3voYhxTFo/edY8A6jiiKUCgajAXKnTVlYbWZrAbpYDOgganKqyy9wg8DG7LqKlwmgqBZWGFd6mA3kSQhW+EU9M6CMGUXm2Gv9GAmwEXwnEZHqnQ2BSDNgV0Ekd4pl5YymPKNx23rV6Xuk3zZtCB66Q6ViaMEMTTtJY9M4gn3+JvZQK6reb4jjZ2V3V/yCGHZKa1UAgTt3NZQKfc0YaYoaSedJcJ6Li3FfTMVhh63FfhyiSbqTpntr8f76XUZDCTDkCnSUCvSnt4369NH0VAB1AmuGz/cOM8gS94QrAoo1EEdMJjAMyETUh/uMYCeojXVjb9hHVw0+/K5ElZWRq0nQvxh6tpJfXwG/PCpHpMXfQ9Ify2MAnhDXpNJ7GYpKgj0+YrYMfEkGmF1HnJv3WB46gCOszRZsX5H+5pL1Oi/i299NKl7oO/ugkBBMjgru5KW0pbWSawp+1jymPdcxd5MKlxhJ2A1HfSPZ1cNG2cRvizCFG1ENGlgN7FOKauPOhbdwhoD7q1cNNIb3jDG5yt3lWyhhowe/ZQA7RV4Ep38QebXfUq1e973/u8ik38Lb5HfZM9ZBhxQf0wtcYau+36Hh448gmeygj1rn333ddb6t12223LnOTvsMCKFU5U6VK1Mxyh2rT11lv7vZYYMppmMqHbH6+H6maVyhMqWah6osYKTnOJ2PZA2WAfLep9VYRhLLZpcJpBTKlaLN/AC9VAtjfE6vixP9TXUSvEoBXlZV4j2hBUiFN15SocKJtsL2Afe50aMFsEqL/sc2YfOuqAc426aNOHwQjVY+oNqrnxdow0LPKAemOrm15td5dddkmdtPJM247KeB0vISK2I6AijF2VoD4fvsVX2gRUqVHx7aIsocIdW4qP46YdoZ7EW2C67HsmjUlsLA4cqvafB4xMu8mfTR+esd6OGnkT6hLHJvFXuaHNYpzShKh/NrFfue2Pvs0mlSuDoh1hi0ZsMDZ2TPlj/MLYjS0qbdO05sEw6aRPYutTVX9mk4T5trcQvi2m+e1OsT2A8I0rfR7tDtt1qsKN3bd9r3FM24hOLrz5kP0nF71iDgjYipw79thjw6MXvDHAwj4XGlr2ekEI5ghn7HsZVUDg/HT2QrGfD4vUdJLESdgMmKeJ2FfFPnr2YDHwAQd4ZXKCBmlQYs8p1qVthtvve2Wfz6abblop7A4a/jjdU4XJR/KTvKRcsCeW/ZkM3uYF+uUvf+knIqgnlA86SdMO8ANl0s/estigDvlf13myj4y9ldQ/9k9T3qgXYU/svIBpF2lk/x57KLEvwD5n2hzKKidNsD9yLtEk2vRh8MMWCZMo2AqhrGOLgP22CFKxnYZhwu7SD/U82FZhzyaTbtR7DHg1tXkyKn+0u5TnED8Detqd1HZIHE+Xfc80YBKntcv7LnHsku8QNjZSsFvDvnVbQfYTTpRbJiyatIXs32fymX4fLBDsTV3et6Xcj4NmPQ8CRuw/xy4R40vsDTBuwrYEbWDVOJtxF0bgsCNE/Wc8waIafVmVnxDfuK4ax4wL6W7ikYDeDa4Dh1o1mBs4IHkQAkKgBwE6TVbeIAbyDGSnpRPtYVYv5gQCatPnRDYqEUJACAgBISAExo7AvKejOXaIFaEQEAKTRAArrVhJDYR1dgnnAQ1dhYAQEAJCQAgIASEgBKYJAQno05Qb4kUICIG+CLAtwayZ5kf09PNgRnUcql6BWE0XCQEhIASEgBAQAkJACAiBaURAAvo05op4EgJCoBQB9n1hjIdzs1kJ5xzTcIZ66gG7ChhrOeqoo/JPGIzifFiREBACQkAICAEhIASEgBCYRgQGt641jamYUZ4wbGXnKnruMfQRkx1d4+wYJ//KjmqotNgZ+9G9EJjrCCBwY9wPuummm5ydT+4t1dv5pd54InUG4zkYI8MAD3UsJtyPy4BUHK/u5w0E1KbPG/msVAoBISAEhIAQ6BIBGYnrEt0+YXO0zDbbbNPHlfNHcmy55ZZ93cmBEJjrCHDk0wEHHFBQWW+a5jXWWMML7XXHMzUNS+6EQBkCatPLUNE7ISAEhIAQEAJCYBAEpOI+CFpyKwSEwEQRQD39hhtucLvttpvjPNkmNP/88/uVdo5kknDeBDG5EQJCQAgIASEgBISAEJgUAlJxnxTyilcICIGhEFhmmWX83vMPfOAD7oILLnBXXnmlu+aaa/w5zpzL+ohHPMKf34wq+4Ybbuh22mknhx+REBACQkAICAEhIASEgBCYdgSk4j7tOST+hIAQEAJCQAgIASEgBISAEBACQmCeQEAq7vNENiuRQkAICAEhIASEgBAQAkJACAgBITDtCEhAn/YcEn9CQAgIASEgBISAEBACQkAICAEhME8gIAF9nshmJVIICAEhIASEgBAQAkJACAgBISAEph0BCejTnkPiTwgIASEgBISAEBACQkAICAEhIATmCQQkoM8T2axECgEhIASEgBAQAkJACAgBISAEhMC0IyABfdpzSPwJASEgBISAEBACQkAICAEhIASEwDyBgAT0eSKblUghIASEgBAQAkJACAgBISAEhIAQmHYEJKBPew6JPyEgBISAEBACQkAICAEhIASEgBCYJxCQgF6SzSeccIKbb775Sn933313iQ+9KkPg2muvdeuss4573OMe53bbbTf3l7/8pcyZ3gmBeQKBZZZZprRNOeSQQ+ZE+s8888zS9NGW/v3vf58TaZxXErHBBhuU5uXOO+88r0DQeTr/8Ic/uO233973jxtvvLH7+c9/3nmcikAICIG5h8CWW25Z2l7T95588slzL8HzSIoWmEfSqWSOGYF///vfbquttnJhQuPTn/60W2SRRdxJJ500Zk4UnRAQAkJACAiB6UJg//33d+eff75n6tvf/rYX1q+//vrpYlLcCAEhIASEwEQQ0Ar6RGCf+5HefvvtuXAeUssgRCQEhIAQEAJCYF5H4Dvf+U4BghtuuMH96U9/KrzTgxAQAkJACMybCGgFvSTfN998c692xqcLL7zQXXTRRSWu9KoOgSWWWMJjeP/99+fOVl111fy+382vf/1rd8stt7iNNtqon1N9FwIzgcDRRx/tHnjgAXffffe5t771rTPB8yBMrrvuuu7UU0/1Xj71qU+5K664YhDvcjtFCLDt4je/+Y3naK+99poizqaTlSzL3Je//GX3whe+0C244IKNmKQ/pJ8L9MxnPtM94QlPCI+6CgEhIAQaIXDAAQe4rbfe2rv92c9+5k488cTc38Mf/vD8XjezhYAE9JL8WmmllRw/6M4775SAXoJRv1ePfOQj3Wc+8xm36667eoFkjTXWcMccc0w/bx7v4447zp1++ulu7733loDeFzE5mBUEXvGKV3hW2fYxFwX0Zz3rWY4f9IMf/EACukdiNv/Y0xhIAnpAovf6n//8x5133nnuve99r0M9ncm3pgL6hz70Ib8NjAH1oosu6vvL3hj0RggIASFQj8CLXvSi3MEll1xSENDnn3/+/JtuZgsBCeizlV8zxS2DvN/97nfu97//vVtsscUa8b788svLoFQjpORICAgBISAEJokABmWHNfKI0cibbrrJ3XvvvV5A10B6kjmpuIWAEBAC04WABPTpyo85x80CCyzQWDgn8f/617/mHAZKkBAQAkJACMw9BNror572tKfNPWCUIiEgBISAEBgJARmJGwk+eRYCQkAICAEhIASEgBAQAkJACAgBIdAOAhLQ28FRoQgBISAEhIAQEAJCQAgIASEgBISAEBgJgTmn4o7K2bXXXuswvPLb3/7Wg/PEJz7RrbLKKm611VZzk9jnBR9YNMYqLlbNH/OYx7hnP/vZbr311vNng4+Ug+b5pz/9qf+x35vzx5/ylKf48Ndee+2JpHfU9HThH2M+V155pfv5z3/u/vjHP/o9f895znMclqfnm2++yihvu+02x3E4WNvF+A+WdjfccEOPcaWnPh8I66qrrnL33HOPNypEeVhyySUd+YWxoK4JLH74wx96K/mUGYh4n/e857kVVlih6+gbhw+f3/ve9xx5QB3CGumTnvQkh8HBUfl88MEHfb5isO0Pf/iDr5NgQN42tZdQlZAyfJ/61Kd6fJ/73OdWeZup92VtGvWJNo3yPAqNs36QV7TNnBhBOXjc4x7nVl55ZbfWWmv58jZKOpr45Wgt2m/6Bvouyjd9A+0S24OmnSgHHJ/5q1/9ymHJHHXtDTbYwLeT0877XXfd5dsX2uF//OMf7rGPfax7xjOe4dth6uu8Sl22u8Ngyh596ij59YhHPMI9/elPd89//vPdk5/85Mrg/vnPf7rLLrvM3XjjjT5vGQMy/lt99dVHHhN12XekCaJsMm4h7YxTSDv1i3I6KpW14W2NS8v6wGkcYwyKYRf58Ze//MWPx+644w7fB2FgmfZnzTXXdMsuu+ygLI7V/Th5n3RfPVZgQ2TWqc4J+trXvpaZleTs0Y9+dGZpK/1Z45bZ8QOZZXTjNL/jHe8ohGUDkcZ+v/SlL2UmdGXWsBbCCPzB6/7775+9+c1vLnz/xS9+0TcOqxjZEUcckZGmEF56ffzjH5/tu+++mQkhteERVuo3PJ900kne7+c+97nMBo3ZwgsvXHB72GGHFcI+/vjjC99DOFxt0qTglgfrRCvdx37D/QUXXFAII8UuuLPOwLv7+9//npmF3cyErtJ4Fl988eyTn/xkIUweLr744mzjjTcu9WOTPNkOO+yQ2cChx1/VCxM6PB/LLbdcaZjw/bCHPSwzw3rZzTffXBXMSO+tQ84OPPDAzI7yqeTBhJOMukQaA5Y77bRTT7x2pFD+PbgLV7NmnP3tb3/L7FixzATSzAZVBbfkeR3ZUWTZQQcdlJmwUvAXwue69NJLZ2eccUb23//+ty6onm/ULdqJRz3qUZVh2wAo++53v9vjt9+Lpvh+4hOfKMR98MEH9wRtx5UV3MRp5548SskmLir92LGHqfOhnpu2adttt12BF8pDHbVdP5q0C0cddVRGO5FiyzPvP/CBDwxcvurSGL7R/3zkIx/JbPBVGjfx20RB9s53vjOjba6iuraTuldG66+/fmmcCy20UJlz/y7GJ7QFNgmeveQlLym0E7E7O24sMwNolWHywayfl/JCOFdffXWpXzsZpNIP7U4T+tGPfpRtsskmleEQvx21muGujOzoz1q/MQ62MFAIgnTF3+P7j370owW3PLz2ta+tdE8bUUV2mkKpP+pFFXXZ7qZx1o05Ag7gTz7QL8Y4cW+TV9k222yT0W7EZAsgmZ2QUdl30A7aEZCxl8b3bfUdTdNOHSpLO+NJ6l6TcWJZ4pq24Wkb2iS+pn1gvzGGGRbuyfNQBhhjlhFj8+AmvYZxbJm/SeQH/aGdVJTZgkBlG0oabFIp++pXv1rGduW7b37zmwUc6toJxu8pVvFzWZvaNu9pOQvxx2P4SfXVlSCP6QOz3jNNNrPoBceQqU2uL3/5yzNbaW6U7mEE9D//+c/ZS1/60tqCX8dnv4bQZpMzm2FrHD7CCI1BFdU1UDRsCEtV/E6zgM4g0izlVvIep+n//u//PDx08DvuuGMjP7ZalP3yl7+sgjV/z0CfAXAcX909Eze2KpX7b+PmwgsvzGxlszEPMX9hUB7zUSeg2+p8VjeIrRPQv//97w9UthG2mYRpQgz8bHa6EQYMgsxCc5NgvZtR8J0FAX3UNq1OQO+iftR1+j/5yU9qheO47O++++6Ny0AThwxgbXW+URmED9MUyejjymgSAvqrX/3q7N3vfnep4BDjxj3tjWkKlbHu301CQP/85z+fmSZOI/xpK5gEZ4AbT5rWtW0pBrMioHfZ7pYVgH5jjre85S2NyphpC2am/eKj+OIXv9i47zj00EPL2Kp812bfUZf2k08+OaM/KBPM07JlGh8ZbVlTGrUN7zcuHaUPTMcY0yKgd5Efl156acbCUJqfdc9VkxJled+lgN4F79PaV5dhO+53069DZ6W2jlBduvXWWwtOeIcKEOqKnEvKUSaofgeyhtyfyW3Cd3jV2vWhhx7yarLXXXddIUzUk1BvtVkhZw20V7W2BrPgpsnDV77yFWerUw4VrphsRdGHjxowqjLEb4XJOzEBxr3mNa/xapRve9vbYm99788991xnq4l93Q3rAFzibQeosQTim3VU4dFf0+fCx+iBfEdNlLRD+EM9zIRfry5mAkPk2jkTEhzH3nz4wx/22yPCR1tt9nmGWnxQBw/fUL3jnPfLL788vCq9orpKuQhEeskvyilqrNbx5dsxcPPXv/7Vbbvttl61G7XLUenTn/6022OPPZytNheCIn5U2lAbJC3Uo1BmCg4HfLAJnaHKDOrsnOcZY8WWAlT/yQfqTdi+EljiDGLUgm1FMrwqvXLmsGkPFL6x7WWllVbyZQL1ZuJH1RgC');
INSERT INTO `thesis` (`id`, `guidance_id`, `pdf_file`, `textarea_file`) VALUES
('5f299c1de06b1', '', '', '<p style=\"margin: 79.4pt 0cm 1cm; font-size: 17pt; font-family: Times, serif; font-weight: bold;\"><span style=\"position: relative; z-index: 251660288;\"><span style=\"position: absolute; left: -11px; top: -72px; width: 337px; height: 108px;\"> </span></span></p>\r\n<table cellspacing=\"0\" cellpadding=\"0\">\r\n<tbody>\r\n<tr>\r\n<td style=\"border: .75pt solid black; vertical-align: top; background: white;\" bgcolor=\"white\">\r\n<table cellspacing=\"0\" cellpadding=\"0\">\r\n<tbody>\r\n<tr>\r\n<td>\r\n<div class=\"shape\" style=\"padding: 4.35pt 7.95pt 4.35pt 7.95pt;\">\r\n<p style=\"margin: 0cm; font-size: 11pt; font-family: Times, serif;\">TUBES: Desain dan Analisis Algoritma (CSH2G3) 2019<br />DOSEN: PHN</p>\r\n<p style=\"margin: 0cm; font-size: 11pt; font-family: Times, serif;\">KELAS:&nbsp; IFIK-41-02</p>\r\n</div>\r\n</td>\r\n</tr>\r\n</tbody>\r\n</table>\r\n&nbsp;</td>\r\n</tr>\r\n</tbody>\r\n</table>\r\n<table cellspacing=\"0\" cellpadding=\"0\">\r\n<tbody>\r\n<tr>\r\n<td style=\"border: .75pt solid black; vertical-align: top; background: white;\" bgcolor=\"white\">\r\n<table cellspacing=\"0\" cellpadding=\"0\">\r\n<tbody>\r\n<tr>\r\n<td>\r\n<div class=\"shape\" style=\"padding: 4.35pt 7.95pt 4.35pt 7.95pt;\">\r\n<p style=\"margin: 0cm; font-size: 11pt; font-family: Times, serif;\"><em><span style=\"font-size: 8.0pt;\">This paper template is obtained from IOP Proceedings Licence</span></em></p>\r\n</div>\r\n</td>\r\n</tr>\r\n</tbody>\r\n</table>\r\n&nbsp;</td>\r\n</tr>\r\n</tbody>\r\n</table>\r\n<p><span style=\"position: relative; z-index: 251655168;\"><span style=\"position: absolute; left: 502px; top: -96px; width: 267px; height: 114px;\"><img src=\"data:image/jpeg;base64,/9j/4AAQSkZJRgABAQEA3ADcAAD/2wBDAAIBAQEBAQIBAQECAgICAgQDAgICAgUEBAMEBgUGBgYFBgYGBwkIBgcJBwYGCAsICQoKCgoKBggLDAsKDAkKCgr/2wBDAQICAgICAgUDAwUKBwYHCgoKCgoKCgoKCgoKCgoKCgoKCgoKCgoKCgoKCgoKCgoKCgoKCgoKCgoKCgoKCgoKCgr/wAARCADRAeoDASIAAhEBAxEB/8QAHwAAAQUBAQEBAQEAAAAAAAAAAAECAwQFBgcICQoL/8QAtRAAAgEDAwIEAwUFBAQAAAF9AQIDAAQRBRIhMUEGE1FhByJxFDKBkaEII0KxwRVS0fAkM2JyggkKFhcYGRolJicoKSo0NTY3ODk6Q0RFRkdISUpTVFVWV1hZWmNkZWZnaGlqc3R1dnd4eXqDhIWGh4iJipKTlJWWl5iZmqKjpKWmp6ipqrKztLW2t7i5usLDxMXGx8jJytLT1NXW19jZ2uHi4+Tl5ufo6erx8vP09fb3+Pn6/8QAHwEAAwEBAQEBAQEBAQAAAAAAAAECAwQFBgcICQoL/8QAtREAAgECBAQDBAcFBAQAAQJ3AAECAxEEBSExBhJBUQdhcRMiMoEIFEKRobHBCSMzUvAVYnLRChYkNOEl8RcYGRomJygpKjU2Nzg5OkNERUZHSElKU1RVVldYWVpjZGVmZ2hpanN0dXZ3eHl6goOEhYaHiImKkpOUlZaXmJmaoqOkpaanqKmqsrO0tba3uLm6wsPExcbHyMnK0tPU1dbX2Nna4uPk5ebn6Onq8vP09fb3+Pn6/9oADAMBAAIRAxEAPwD9/KKKKACiiigAooooAKKKKACiiigAooooAKKKKACiiigAooooAKKKKACiiigAooooAKKKKACiiigAooooAKKKKACiiigAooooAKKKKACiiigAooooAKKKKACiiigAooooAKKKKACiiigAooooAKKKKACiiigAooooAKKKKACiiigAooooAKKKKACiiigAooooAKKKKACiiigAooooAKKKKACiiigAooooAKKKKACiiigAooooAKKKKACiiigAooooAKKKKACiiigAooooAKKKKACiiigAooooAKKKKACiiigAooooAKKKKACiiigAooooAKKKKACiiigAooooAKKKKAPz+/4Kgf8ABVr49/sM/tL6X8Lvh74M8K6vol74SttSmTWbW4+0CZ7i5jYLJHMoC7Yl4KHnPNePaN/wcifEONAviH9lfRpW7vZ+KJYx+TQN/OuC/wCDhn/k9bQP+ydWf/pZe18HV+X5tnma4TNKtOlVainotH+aZ/ob4beD/htxJ4eZbjcxy6M6tSknKSlOLbu9XyTjqfqVbf8AByJAVzefssOD6ReJgf5wirlp/wAHIfhfePt/7Luohe/keIIyf1QV+VNFcS4nztf8vfwj/kfVy+jv4Ry/5l7X/cWt/wDJn7H+A/8Ag4e/ZY164jt/HPwv8XaCrEB5lihulX3wjg4r6y/Z8/bN/Zj/AGpLJrj4I/F/SdYuY0DXGled5N7CPVreTbIB23YKnsa/m+q/4Y8UeJPBWvWvinwhr13pmpWUoktL+xuGilhcd1ZSCK78LxjmNKa9ulNfc/w0/A+M4j+ixwRmGHk8oq1MNV6XftIX81L3vmp6dmf1AkhQWY4A6k182ftO/wDBW79gv9k7ULjw58R/jlY3+u2rFbjw94aH9oXcLjqkgiykTf7Lsre1fjv+1R/wWt/bp+J3wZ0z9n668eQaVCtqy614i0aNoNR1aPJVUlkBwgAHPlhSxOSa+H3keR2kkcszMSzMckk9Sa93E8VRnBfVY79Zf5f8E/G8h+jpiMPiqkeIcRblk0o0ne6XVzktE90uW9t2noftx41/4OjP2bNLuXg8C/s7+MdWQH5J7q6trZWH03MRXIT/APB1F4eEhFr+yDfFexk8ToD+kRr8daK8mXEGayfx2+S/yP0ij4J+HdKNnhXLzdSf6SSP19vf+DqRwpOnfsdhj2E/i7b/ACtzXK+Jf+Dp343XSMvhD9k3wtZMfuPqPiK5uQPqqRxZ/OvysoqJZ5msv+Xv4L/I66Xg94c0ndYFP1nUf/t9j+jj/gjZ+3/8Zf8AgoV8G/FfxN+M2g+HdNutJ8SLY2Fr4cs5oYlh8lX+bzppWZsnrkD2r7Er8yf+DXv/AJNR8ef9jsv/AKTJX6bV91lVWpWy+nObu2t/mz+QPEXL8FlXGuNwmEgoU4SSjFbJcqCiiivQPigooooAKKKKACiiigAooooAKKKKACiiigAooooAKKKKACiiigAooooAKKKKACiiigAooooAKKKKACiiigAooooAKKKKACiiigAooooAKKKKACiiigAooooAKKKKAPxg/wCDhn/k9bQP+ydWf/pZe18HV+n3/BcT9jX9p/45ftMaP8Tfg/8ABnWPEmi23gm2sp7rSYRKUnS5unZCgO7hZEOcY5r4F1f9kf8Aak0GUw6x+zz4ygcdVbw9cH+SmvyDPsNiP7WrS5HZvezP9QPBriDIf+Ia5Zh/rdL2kKSUo+0jzJ3ejV7p+p53RXbH9mv9ogDJ+BXi/wD8Jy5/+Iqvffs//HjTITc6h8FfFsMaj5nfw7cgD8dleM6NVfZf3H6pHN8qk7LEQb/xx/zORoqXULC/0m7aw1WxntZ1+9BcwtG6/VWAIqKszvTUldbHnvxb/wCQ7b/9eo/9CNcrXVfFv/kO2/8A16j/ANCNcrXrYf8Ago/L85/5GlX1CitDw94S8V+Lpza+E/DGo6pKpw0Wm2Mk7D8EBNdZb/ss/tM3cQmt/wBnrxs6sMgjwtd8/wDkOuiMJy2VzxKuLwlB2q1Ixfm0vzODor0EfsnftQt0/Z18b8/9Svdf/G62/DX7A/7a/jCZbfw3+yv46unY4AXw5Ov/AKEoqlRrN2UX9xzTzfKaceaeIgl5ziv1P1q/4Ne/+TUfHn/Y7L/6TJX6bV8Ef8G/f7Lnx7/Za/Zq8VeHPj98Nr7wxqGreKVu7Gy1HaJXhECruKgkryCMHBr73r9KyeE4ZbTjJWduvqz+CvEzE4bGcd4+tQmpwc9HFpp+6tmtGFfnn/wWU/4LzeHv+CXHj3QPgl4L+Co8ceMdZ0karepe6wbKz020aRo4yzLG7SyO0cmEAUKq5LcgH9DK/Dz/AIOc/wDgmT+198d/2nPDf7Uv7P8A8JNU8baDceEYNG1S18PWxnu9OuYJpnDSRD5jG6TLtdc4ZHDbfl3ekz4ZWvqc1/xGJfG//oyPwr/4V9z/APGKP+IxL43/APRkfhT/AMK+5/8AjFfnB/w7C/4KLDgfsS/Ev/wlLj/4mqHin/gnX+3l4I8N33jHxj+yD8QdM0rTLV7nUdRvfDU8cNtCgLPI7FcKoAJJNLUu0T9Lv+IxL43/APRkfhT/AMLC5/8AjFH/ABGJfG//AKMj8Kf+Ffc//GK/Guuy+DX7O/x3/aJ1a80H4D/CLxB4vvdPthcX1p4f017mSCIsFDsEBwu4gZ9TSuwsux+sX/EYl8b/APoyPwp/4V9z/wDGK9Y/Yn/4Ou4/jv8AtGeGvgt8fP2WrLwxpPinU4tNtvEOheJJLlrK5lcJEZYZIV3xliASrArnOG6V+RH/AA7B/wCCi3/RkvxL/wDCUuP/AImvcf8AgnR/wRz/AOChPxL/AGw/AZ1/9mnxT4T0XRfE1lqmt+IfFGlvZ21rbW86Sty4G9yFwqLkkn0BNNXE1Gx/UtRRRTICiiigAooooA/LT/gvD/wXZ+L/APwTj+L/AIf/AGaf2c/Ami3XiLUPDseuaxrviGJ5ore3lmmiihiiVlBcmCQszEgDaAOcj4i+E3/B2d+3Z4e8f6bqfxh+HPgrxD4aW6Qaxpmnaa9pdPb5G8wyiQhZAMldylSeCOcjB/4OyM/8PQtIP/VItI/9LtSr8yH+4ee1S3qaJKx/bj4e1zT/ABPoFj4l0mQva6jZxXNszLgmORA6kjtwRXxF/wAF1f8AgrN4s/4Ja/BXwtefCrwNYa14y8danc22kSayWNnYQWyI087ohDSvmWJVTKj5mYn5drfYPwP/AOSK+D/+xW0//wBJo6/Hb/g8c/5F74B/9fniL/0DT6b2Ijqz5u0X/g6+/wCCk+n6tb3ureGfh5f20UwaeyfQJIxMmeV3JLuXI7jpX73/ALEn7T+j/tn/ALKPgb9qDQ9Ak0qHxjoUV8+mSy72tJclZIt2BuCurAHHIGa/jX4xjNf1e/8ABBL/AJRGfBP/ALFqX/0rnoTKkkkfX1FFFMgKKKKACiiigAooooAKKKKACiiigAooooAKKKKACiiigAooooAKKKKACiiigAooooAKKKKACiiigApHRJFKOoYHqCM0tFAHHfEz9nr4E/GXSJNC+Kvwg8Oa/ayKQY9U0iKUrnurFdyt6MCCOxr88P27P+CCujLo958R/wBimSaK5gVpp/BGoXZkWZRyRazOdwb0Ryc9AwOK/UCivNx+U4DMabjWgr91o18/6R93wd4k8Y8C42NbK8VJQT1pyblTku0oN217q0l0aP5atN/Zl+OH7Qv7QWm/AH4V+AL2+8VXO6CTTZYzEbQo5Ejzlv8AVIn8TN0+uBX7DfsO/wDBvH+yz8C9GsfFX7TthB8SPFnlrJcWd6GGkWkmMlUg488A5GZcqeuwdvt3wl+z58F/AvxT8QfGzwj8OtOsPFXimGGLXtagixNdpFnYp5woycnaBuOCckCuyrzcq4cw+Bjetaclt2t007/0u5914ieOWecXV+XLebC0pJOST9+UmlzLmWqindK1m1rLflWF4P8Ahf8ADX4eaXDofgL4faJolnbrtgtdJ0qG3jjHoqxqABW6AAMAUUV9GoqKskfhtSpUqycpttvq9QooopkBRRRQAUUUUAFeF/8ABTv/AJR2/Gz/ALJlrH/pLJXuleF/8FO/+Udvxs/7JlrH/pLJQNbn8fAJAABr9fP+DP0f8ZVfFj/sn0H/AKXRV+QQ6Cv19/4M/P8Ak6r4s/8AZPoP/S6KoW5beh+/9Vdb1vR/Dej3XiDxDqlvY2NlA895eXUojihjUZZ2ZuFAAJJNWq/IH/g7G/bi8ZfCf4N+Dv2Mvhxrs2nyePjNqni+e3fbJLpcDeXFa5HISWYsz45Itwp+V2BszSuyx+3B/wAHYPwL+Eni6/8Ah5+xx8J3+Ic2nztDN4r1e6az0uWRThvs6KDLMmcgSHYpxldykMfl6T/g7w/baLkp+zl8OQCeB514cf8Aj9fk109K+o/2U/8AgjH/AMFHv20PhlB8Z/gL+zvcXvhW8kdNP1vVNYs7CK9KMVcwrcSq8ihgV3hdmQQCSCBN2acqR9g/8Rd/7bn/AEbp8Of+/t5/8XXVfCn/AIPAPjxY6/F/wun9k3wxqGlNIPP/AOEd1ie3uFXvt80OpP1FfLt7/wAG2n/BYGztJLpP2abG4MaFhDB410su+Ow3XAGfqRXxd8R/ht4++D/jnU/hl8UvB+oaB4g0W6a21XR9UtzFPbSr1VlP5g9CCCCQQaLsEon9c37Av/BSX9ln/go/8NX+IP7OvjF5bqxCLr3hrVIhDqOkyMOFmjyQVPOJELI3Zs5A97r+QT/gmJ+2l46/YN/bO8H/ABz8IazLb2A1KLT/ABVZrJiO/wBKmkVZ4pB0YAYkUn7rRqw5Ff16abqFrq2nW+q2Um+G5gSWFvVWAIP5GmiJKzP5wP8Ag7H/AOUoWkf9ki0j/wBLtSr8yX4Q9ORX6b/8HY+D/wAFQ9Iz/wBEi0j/ANLtSr8yXYFGyexxSe5pHY/tT+B//JFfB/8A2K2n/wDpNHX47f8AB44ceHvgH/1+eIv/AEDT6/Yn4H/8kV8H/wDYraf/AOk0dfjt/wAHjn/IvfAP/r98Rf8AoGn03sRH4j8NMcZzX9X3/BBL/lEZ8E/+xZl/9K56/lBzX9X3/BBPj/gkZ8E/+xal/wDSuelEctj68nnhtYHubmZY440LSSOwCqoGSST0AFfjX+39/wAHXGi/CX4t6j8Kv2KPhLpHjGx0W6e2vvGGv3siWt5Mhw/2WOLl4wQQJGOG6gYwS3/g5O/4LNt8O9Kvv+Ce/wCy74wxrmo2pj+Jev6dLzp9u4/5BsbjpLIpzKR91CEzlmC/g2ikkIi5J4VQP0pt2El3P1/+Gv8Awda/8FAvib8QNG+Hngz9k7wLrWrazqUVnYaTYSXhmupXYKEXDHBOevQdTwK/fLQLrVL7QrK91zT1tL2a0je8tEk3iGUqC6Bu+DkZ74r8qf8Ag3Q/4Ivp+zF4Psv23/2mvCGz4ieIdODeEdF1CP5/DthKoPmsh+5dSoRnI3RodnylnFfpZ+0f8ZdG/Z2+AHjT48+IVDWXg/wxe6vcqf4lt4Wkx+O3H40ITt0PAv8AgpZ/wWP/AGS/+CZOkRaX8UdTutf8a6hambR/A2hFWu5U5Cyzu3y20JIxvbJP8Ktg1+WPjb/g78/akvdbkk+H/wCyt4JsNO3HyYtT1O6nmxnjcy7RnHoK/Lf9of4+fEr9qH41eI/j38Xtem1LxB4m1KS8vriZ87Nx+WJB0VEXCKo4AUAVifD/AOHvjr4r+M9O+HXwz8Iajr+vavcrb6ZpGk2jT3FzKeioigkn+QyTxSuWoo/Usf8AB3f+25/0bp8Of+/t5/8AF1JZ/wDB3n+2lFdJJe/s2fDuWIMPMjW4vFLD0zuOK8B0z/g27/4LA6pp8N/J+zJaWhljDfZ7vxppayJnswW4IB9s182ftYfsP/tV/sO+M4PAn7UvwX1Twne3kZk06W5aOa2vUHVobiFnilxkZCtlc8gUO4WifvX/AME6v+DnH9l79rbxnp3wb/aG8JSfC7xZqkqwaXe3N6LjR76c8LF55Aa3djwokG0nA37iFP6cqyuodGBUjIIPBFfxDB2Uq0bEFeQQcEGv6dv+Dbj9uDxf+2N/wT/j0D4o65LqPir4a6y3h6+v7h90t5ZeUktnM56lvLZoiTyxtyx600xSjbY+6/iN498OfCv4e698T/GFw8OkeG9GutU1WaKMuyW1vE0srBR94hEY471+DPxB/wCDvj9p668YX03ww/Zg8GWegmdv7Ng1m+uZboRZ+UytGVXfjrtGPSv2n/b0/wCTGfjR/wBkn8R/+my4r+NuhuwopM/cb4Vf8Hfumw/BrU7j40/sqyz+PYLlU0e18OaoI9MuoiDmSaSXMkTKQPlVX3Z6rivKNb/4O9/2xLnUpZtB/Zk+H1ralv3MM95eSOo923DJ/CvzM/Z2/Zh/aC/a1+Ikfwn/AGbfhNrHjDxBJAZzp+kwg+TCCFMssjlY4YwWUF5GVQWAzkivZf2m/wDgjL/wUq/ZC+HUnxc+OP7MOpWXhu1QNqGr6VqVpqMdgCcZnFrLI0S5IG9gEyQN2SKV2VaJ+kv7LX/B3la6p4stNB/bB/Zrh0vSbmZY5/EPgq9edrME48x7abmRR1IRt2AcBjgH0P8Aa6/4O0/2afhxrU/hb9kX4P6n8Q2h+U+JNYkbTNPdv+mUbKZ5F92WP2BHNfz7YrovhN8I/ib8dviFpfwn+DvgjUPEfiTWrjyNL0bTId81xJgnAHAAABJJIAAJJAGaLsOVH6j33/B3p+2jNdPJYfs1fDuGIn5I2ubxyo+u4Zr0X9nv/g7+8UDxNb2H7Uf7KlgdHkkC3OpeCtUf7RAp6uIbj5ZMf3d659a+B/jV/wAELP8Agql8APhpcfFv4i/sm6mNFsYDNqcmj6xY6jNZRgZLyQ2s8km0DqyqwUckgV8lY7UXYWTP7Nv2Wv2r/gJ+2d8H9O+Of7Ofj+28Q+HtRBCzRApLbSj70M8TYeGVTwUYA/UYNei1/Mb/AMG3X7cPjD9mL/goR4c+Cd1r0v8AwhnxXuxoeraczZjS/dW+xXCjs/nbYSR1Wbn7or+nKqIaswooooEFFFFABRRRQAUUUUAFFfnT/wAFafjN8Wfh5+0fpWi+BfiPrOkWknhC3me20+/eJGkNxcgsQpxnCgZ9hXy7/wANRftHf9Fw8T/+DiX/ABq1C6uS3Y/biivxH/4ai/aO/wCi4eJ//BxL/jXd/BH/AIKLftO/B3xNbale+P7zxHpayj7bo+uTGZJo/wCIK5+aNsdGB4OMgjIJyMOY/X2iuf8AhT8SfDvxg+HOj/EzwpKWsNZsUuYA33k3DlD7g5B9xXQVBQUUUUAFFePfttftU2P7J3wek8ZwWEV7rV/N9k0GxmYhHmIyXfHJRB8xA5PAyM5H5geNf22/2qfHusy63rPxs1uJpGytvp90beGMeiomABVKLYm7H7QUV+I//DUX7R3/AEXDxP8A+DiX/Gj/AIai/aO/6Lh4n/8ABxL/AI1Xs2LmP24or5M/4JGfELx18Rfg74j1Lx54u1DWLiDX1jhm1C6aVkXygdoLHgZr6zqGrMoKKKKQBXhf/BTv/lHb8bP+yZax/wCksle6V4X/AMFO/wDlHb8bP+yZax/6SyUDW5/HuvQV+vv/AAZ+f8nVfFj/ALJ9B/6XRV+QSngcdq/X3/gz8/5Oq+LP/ZPoP/S6KoW5ctj9/wCv55f+Du+Rm/bl+HiFjhfhkuBngf6dcV/Q1X88f/B3dj/huj4e4/6Jkuf/AAOuKp7Ex3PyfxkZr+qP/gmF+2/+wx8O/wDgnf8ABbwP4m/a/wDhPoepaZ8ONKg1DSdQ+IOmW09rOtum+OSJ5wyOGzkMAc5zX8rlH4VKKa5kf2ND/goj/wAE/jyP25/g7/4c3Sv/AJIr+bj/AIOBPjf8E/2g/wDgp74z+IvwB8c6T4l0B9N021Ot6FcJNa3NxDbKkpjlTKygMMb1JBxwTXxYOtFO4JW1FBO7Oe/Br+1z4Ukn4XeGiTknQLPP/fhK/kR/4J5/sUfFP9vf9qXw38Bvhp4cubuGe/iuPEuoRwkw6XpqyL508zjhBtyq5+8zADJNf2B6HpNtoGiWehWZJhsrWOCIt12ooUfoKa2FM/nE/wCDscj/AIeh6Rx/zSLSP/S7Uq/Md/uH6V+nH/B2OCf+CoWkYH/NItI/9LtSr8x3+4fpUspbI/tV+B//ACRXwf8A9itp/wD6TR1+O3/B45/yL3wD/wCvzxF/6Bp9fsT8D/8Akivg/wD7FbT/AP0mjr8dv+Dxz/kXvgH/ANfviL/0DT6p7Gcdz8NBiv3I0j/grxof/BOH/ggx8F/AHwx1W0ufi54y8FXMfhqzYhzpEDXVwjalKn+yc+WrcO68gqrCvw3HJr1L4+/s6/GX4T/Dv4Z/F3x69xfeHPiF4PjvfCOqsWaNIYZHhksuchGidT8o4KyKw+8QEnoaWTPOfEPiHXfFuvXvinxRrFxqGpaldPc399dyl5biZ2LPI7HlmJJJJr9b/wDg3C/4Ivf8Lz8SWX7ef7UXhN/+EO0a6EngDQb6HC61eI3/AB+yKw+a3jI+QdJHGfuphvyJs7kWl3DdtbRTCKVXMM67kkwQdrDjKnGCPQ1/XN/wSl/bY+DH7dP7Gnhf4n/B3Q9P0FdLsotJ1vwjpwCx6FeQxqrWyKOkWMNGT1Rl75oSFLRH0iAFAVQAAOAK+Yf+C0zvH/wSg+P7IxB/4VnqQyD/ANM6+nq+YP8AgtT/AMonvj//ANkz1H/0XVELc/kjGO4+lfrJ/wAGjHw+8JeJP20vH/jfXNGhudR8PeAA2jzyqCbZ5ruKOR1z0Yplc+jH1r8mq/X/AP4M/Mf8NTfFn/sQLf8A9Lo6lbmkvhP39r86v+Do34eeEvFn/BJ/xB4x1vSIptT8K+K9FvNDvCg320k17FaS7T1w0M8ikdDwewr9Fa+Bf+Dmn/lDx8Q/+w34e/8ATxaVT2M1ufy/H2Hav3e/4M6mJ+FPxzXJwPEGh8f9sLyvwhJBAGO1fu9/wZ1f8kq+Oh/6mDQ//RF5Urc0lsfqL+3p/wAmM/Gj/sk/iP8A9NlxX8bZr+yT9vT/AJMZ+NH/AGSfxH/6bLiv428DGaJEx2P1i/4NDf8Ak+n4if8AZLX/APThaV/Qb4k8O6J4v8PX3hTxLpsV5p2pWklrfWk6BkmhkUq6MDwQVJGPev58v+DQ3/k+n4if9ktf/wBOFpX9DVNbClufxY/H3wzo/gv46+NPB/h+28mw0rxZqNpZRZ/1cMdzIiL+CgD8K+nP+Df7/lLb8Iv+wrc/+kk1fOn7VR/4yf8AiJ/2POrf+lktfRf/AAb/AH/KW34Rf9hW5/8ASSal1Kfwn9WMkcc0bRSxqyMpDKwyCD1BFfyC/wDBVv4ceEfhF/wUo+N3w78BaTHp+j6d8RNQNhYwjbHbpK/neWgHCopkIVR0UAdq/r7r+SH/AILTZH/BV749/wDZQbj/ANFxU3sKG5yP/BM13T/gov8AAd0Ygj4weHMEH/qJQV/YZX8eX/BNED/h4r8CCv8A0WDw5/6crev7DaFsEwooopkBRRRQAUUUUAFFFFAH5h/8Fmv+To9H/wCxKtv/AEquq+R6+uP+CzX/ACdHo/8A2JVt/wClV1XyPW8fhIe4UUUUxH6uf8Ek9Sur/wDYy0qC5lLC01vUIYcnonnl8fm5r6Yr5g/4JD/8mc2n/Yx6h/6GtfT9YS+ItbBRRRSGfnt/wW51G6/4SbwFo5lPkfYb2bZ23741z+VfClfcn/Bbn/kevAP/AGCb3/0bHXw3W0PhIe4UUUVQj9KP+CLP/JDvFH/Yxr/6JWvsyvjT/giz/wAkO8Uf9jIv/ola+y6xn8Ra2CiiipGFeF/8FO/+Udvxs/7JlrH/AKSyV7pXhf8AwU7/AOUdvxs/7JlrH/pLJQNbn8e46Cv19/4M/P8Ak6n4sf8AZPoP/S6KvyC9MHtX6+/8Gfn/ACdT8WB/1T6D/wBLoqlbly2P3/r+eT/g7ux/w3P8PT/1TJf/AEuuK/obr8UP+DvD9lHxXrOjfDb9szw5pr3OmaMkvhnxM8SEmzErme0lbHRGbzoyx4DGMfxU3sTHc/DKv6CP+CfX/BvT/wAEu/2nP2JPhd8f/FvhjxNe6v4r8F2Ooavc2PjCeOJrt4h5wVF4TEgYbR0II7V/PwO9fWf7Ef8AwWv/AG/P2Avhs/we+BXxI0+bwuLmS4s9E8RaSt7FYySNuk8gsQ0asxLFQdu5i2AWJKVimnbQ/bUf8Guf/BJwf8yJ4y/8LW5rS8N/8Gyf/BJXw7qCX8vwh8Q6iEbPkal4vupI29ioYZFflH/xFPf8FVOP+J34D9/+KPX/AOOUH/g6d/4Kq/8AQb8Bf+Eev/xyndCtI/og/Z9/Ze/Z6/ZT8G/8IB+zr8INC8IaUzBprbRrFY2nYDAaV+XlbHGXJNd7X843wh/4Ouv+ChHh34i6Xqvxk0TwZ4h8Mx3SDWdLstB+yTyQFhvMcqudrhckZBBOM1/RX4X1+z8V+GtO8UaerC31KxiuoA/UJIgcA++DT3JaaP5yP+Dscn/h6HpGD/zSHSP/AEu1KvzHf7h+hr9OP+Dsj/lKFpH/AGSHSP8A0u1KvzHfIQ/Spe5otj+1X4H/APJFfB//AGK2n/8ApNHX47f8Hjn/ACL3wD/6/fEX/oGn1+xPwP8A+SK+D/8AsVtP/wDSaOvx2/4PHP8AkXvgH/1+eIv/AEDT6b2M47n4acZ4r+i/9mH/AIJ9eCf+CkH/AAbq/DH4F655Fpr8PhSe/wDBWtyR7jp2ppcXHlMe5if/AFcgHVGOOQCP50D7Gv6vv+CCX/KIz4J/9izL/wClc9CLkfyv/E74a+Nvg38RNa+FXxK8Pz6Xr3h7UpbHVtPuBhoZ42KsPcZGQe4wa+n/APgjH/wU58R/8Ezf2qbfxhqk9xc+APFJi07x7pMbEg2+4+XeIveWAszDHJVnX+Kv0j/4Oi/+CVzeNfDq/wDBRr4IeHl/tPRbVLX4l2NpFzd2a8RajgDl4uEkPePaf4Ofwg7Z96VrDXvI/tr8JeK/DnjzwrpvjfwfrNvqOk6xYQ3umahaSB4rm3lQPHIjDgqysCD6GvnD/gtRj/h0/wDH7Iz/AMWz1H/0XX5r/wDBr/8A8FZRZXcP/BN34+eJGEMokm+F2qXs2VV87pdLJJ4zlpIh04dODsB/X39sn4GL+01+yh8Rv2fDKsbeMvBuoaTFI3RJJoHRG/Bip/CqM7WZ/GbX67f8GgmsaZa/tcfFHR7m9jS6u/h5G9tCzYaQJfQ7seuNwzX5Q+P/AAH4s+FvjjV/hv480eXT9a0LUZrHVbKZSrQzxOUdSDz1BrpP2af2l/jR+yJ8Y9I+PPwC8aTaH4k0aUm2uo1DJLGww8MqHiSNxwynr9cGoWjNGm0f2gV+ff8Awc8a1pel/wDBIPxrY397HFNqXiXQLaxjdsGeUanBMUUdyI4pGx6IT2r869K/4O7/ANt6z06G21P9nj4a3lwiAS3JW+jMh/vbVmwM+gr45/4KM/8ABWn9rL/gprrGmn47azYWOgaJM0+j+E9BhaKxt5mUqZmDMzSybSVDuSVDMBjcc02rEKLTufMNfu//AMGdP/JKvjp/2MGh/wDoi8r8IDgDOa/pI/4NYv2UPFfwE/YF1P4w+OtMksr/AOKfiT+1NOtpUKuNLgiENs7A9C7m4kHqjoe+KUdxvY+3P29P+TGfjR/2SfxH/wCmy4r+NvjBr+yT9vT/AJMZ+NH/AGSfxH/6bLiv426GET9Yv+DQ7/k+n4if9ktf/wBOFpX9DVfzy/8ABod/yfT8ROf+aWv/AOnC0r+hqqWwpbn8YX7VRx+0/wDEUn/oedW/9LJa+i/+Df7/AJS2/CL/ALCtz/6STV86ftWY/wCGnviKM/8AM86t/wClktfRf/Bv9/yls+EP/YVuf/SSao6lP4T+rKv5If8AgtN/ylf+PYP/AEUG4/8ARUVf1vV/JD/wWn/5Sv8Ax7AP/NQbj/0VFVPYmO5yH/BNAf8AGxX4Ef8AZYPDn/pyt6/sNr+PL/gmh/ykV+BH/ZX/AA5/6crev7DaI7BIKKKKZIUUUUAFFFFABRRRQB+Yf/BZr/k6PR/+xKtv/Sq6r5Hr64/4LNf8nR6P/wBiVbf+lV1XyPW8fhIe4UUUUxH6q/8ABIf/AJM5tP8AsY9Q/wDQ1r6fr5f/AOCQzA/sdWoB5HiPUAR6fOtfUFYy+ItbBRRRUjPzv/4Lc/8AI9eAf+wTe/8Ao2OvhuvuT/gtwR/wnfgJcjP9k3vH/bWOvhutofCQ9woooqhH6U/8EWf+SHeKP+xkX/0StfZdfGn/AARZH/FjvFHH/Mxr/wCiVr7LrGfxFrYKKKKkYVxX7SHwdtP2hfgB4z+Bd9qbWUXi7w1eaS94i5MPnwtHvx3xuziu1ooA/mD8a/8ABsl/wV08M+Kr7QvDnwQ0TxHYW1wyWmt6b430yGG8jB+WRUuZ45UyOzICD69a/Tn/AIN2v+CPX7Rf/BO268b/ABo/al/s3TPEPivT4NL07wzpupR3htLWOTzXlnliJj3s4UKqMwCqSWy2F/UCO4t5mKwzo5X7wVgcU+lYbk2Fc98V/hR8Ovjl8OtX+EvxZ8I2Wu+HdesntNV0rUIg8U8TDBBHYjqCMEEAggiugeRIkMkjhVHVmOAKSOWOZBJFIrKejKcimI/BH9uD/g0z+OOheLr/AMWfsH/EbRtf8P3EzS2/hTxZfmzv7NSciKO42mKcDoC5jOByTXzC/wDwbX/8FjVchf2XrFsHAYeP9E5/O7r+o6ilZFKTR/Lf/wAQ1/8AwWO/6Nasv/C/0T/5Mo/4hsP+Cx3f9luy/wDDgaJ/8mV/UhRRZBzM/mV+EH/BsF/wVR8b/ETS/DfxQ+Fei+DfD9xdINX8QX3jDTroW0GRvKRWs0sjvtztG0DOMsBzX9LPhHw9b+EfCmmeFLWUvFpmnw2kbt1ZY0CAn8q0ajN5Zif7KbqMS/8APPzBu/KmJts/Iz/g4Y/4Il/tWft3/Hnw7+1F+ydY6Zr99beFodB1vwzfavDYzBYZ55Yp4ZJ2WJgftDqys6kbVIzk18E/Cf8A4Ng/+CrHjjx/pvhv4kfC7RPBmh3Fyi6p4iv/ABfp12tpBkb2WG1mlkkfbnauACcAso5r+m2ilYak0UPCvh6z8JeF9N8Kae7tb6ZYQ2kDSH5ikaBFJ98KK+Ef+C/f/BKT4p/8FOfgl4Rk+A3iDTLbxj4D1O7nsdN1q5MFtqVtcpGs0XmhW8uQNDEykjafmBIyGH37RTJTsfzI6J/wa8/8FatT1e307UPh14P02CaYJNf3fja2eKBT1dli3uQPRVJr+hL9g79l6H9i79kHwD+zBH4g/tV/B+gR2VzqQQqLmfJeV1U9FLs2B6Yr1yigbbZU8QaBofivQr3wx4m0i21DTtRtZLa/sbyESRXELqVeN1YEMrKSCDwQa/n6/bd/4NU/2tfD3xk1XWf2Jbzw34k8C6heST6TpWq66LK/0pGbIt2My7JUTO1XD7iAMrnk/wBCFFAJtH8y3hf/AINqv+CyvhDxJYeKvCnw88PaXqenXkdzp+pW3j6zSS1mRgySKysSCpAPAPTvX9H/AMDdP+KOk/Bfwnpfxu1OyvfGVt4csovFV5pxJt59QWFBcPGSAShkDEZA4PSuqooBu5+eH/BXT/g39+DP/BRfWp/jl8LPENt4E+KDW4S81T7Hvsdb2LhPtcaYIkAAXzly20AMGCqB+SvjT/g2L/4K7eFtbl0rQ/g34a8S26MQmp6J45sEhkHYgXkkEg/FBX9PNFKyYJtH8t//ABDX/wDBY7/o1qy/8L/RP/kypLX/AINqf+CxVzcJby/szadbozANNN4/0Yqnudt0Tj6A1/UZRRZD5mfiZ/wTp/4NSL7wn40034pf8FDPHGjarbWEyzx/D7wtcSS29ywOVW6umVCyZxujjXB5G8g1+1Wj6PpPh/SbbQtB0yCysrKBILS0tYhHFDEoCqiKuAqgAAAcACrNFMTbZzXxn+Gun/Gf4PeLPg9q19Ja2vizw1f6Nc3MIBeGO6t3gZ1B7gOSPpX81nj7/g2N/wCCt3hPxdfeH/Cvwa0LxRp1tcMlpr2l+NNNghu48/K4jup4pUJGMqy8HjJ6n+nR72zjmFvJdxLIekbSAMfwqSk1cE7H5Uf8G7n/AARo/aX/AOCfHjXxl+0D+1VDpuka34g0NNG0nwzp+qRXjwQecs0k08sJaLJaOMKqM2ACSRnFfqvSO6RoZJHCqBksxwBTYLm3uk8y2nSRQcFkYEZ/CmDd2fzuft/f8G0X/BQyX9qTxb4z/Zn8HaR468I+I9cudU027XxNZ2NzaCeVpGgnju5IvmVmIDIXVhg/KflHsH/BEH/ggH+21+zZ+2jov7UX7Wnh7SvCOleDo55dN0qDXra/u9RuZImjX/j1eSOONQxJLOGJwAvUj9xqKVkHM7WCvwe/4LH/APBvB+3J8bf22PGH7TX7J2g6T4y0Tx7qQ1K702bX7awu9MuTEiSIwunjSSMlNysrlvmwVGMn94aKYJtH8+n/AAS7/wCDcf8A4KC+A/21vAPxp/af8GaT4K8K+BfE1nr1y3/CS2d9dX8trKs0UESWkkoUNIiBmcrhc4ycV/QXRRQDdwooooEFFFFABRRRQAUUUUAfm3/wWu8PTWnxr8H+KjGRFf8AheS1VsdWguHZv0uFr4vr9OP+Cxvwqm8X/ADS/iNYW5ebwrq+6cqMkW04CP8AhvER/CvzHraDvEh7hRRRVCPvP/gih+0Xoc03jH9lzWdRjj1K1uo9e0WKRwGngliSKdFHfY0SNgf89Se1foDX83+v/Fv4gfAr9onTfiv8LvEU2l65oyQT2V3FzyM5RlPDowyGU8EEiv1S/ZH/AOC7/wCzV8XNAtdH/aJm/wCEC8SoipdSyRSS6bcv3eORQzRgn+Fxx/ePWspLUpM+7qK8Y1X/AIKJ/sK6PpR1m8/aw8CtCF3bbbxBDPKR7RxlnJ9sZr4f/b8/4LyeHdR8K6h8Kf2MIrqS6vo2gu/G97AYlt4zw32WJvmLkdJHwF6hSek2Y7nJ/wDBTz9ovQ/jl+1/rfhLwlqMV3pfgKyg0j7VC4ZJLxt0lztI4IVisZ/2omr5+rzf9ne5uLy21m8u53llluo3llkbLOxDEkk9ST3r0itloiXuFFFAVmIVFLE8BVGSTTEfqD/wRz8PTaX+y9e63NGV/tLxNcNGSPvIiRrn89w/CvrOvM/2OfhZL8Gf2ZPBvgC8h2Xlvo8c+or6XM2ZpR+DyFR7KK9MrBu7LWwUUUUhhXhn/BTfxh4o+H3/AATx+NXjfwVrtzpmr6X8NdXudO1CzkKS28q2rlXRhyGB5Br3Ovnr/grR/wAoyPjz/wBkr1n/ANJXoBbn4G/8G7/7QHxyuP8AgrZ8NPCt98X/ABLd6Z4gGrW+s2F7rc88N3Gul3c6q6SMQcSRIwPXK1/TvX8rP/Bu3/ymL+Dn/XzrH/plvq/qmpLYqW5+VH/B2j8VfiT8Nv2MPh1p/wAPvHWq6JHrfxJ+z6r/AGVfPbtdRJYXMixuyEEqHVWxnGVHpXAf8Givxh+Kvj/wj8ZfCHjr4iazrWnaTfaTcaZa6rqMlwLaSZbkSlDISV3CNMgHHy1vf8Hg2f8AhkD4Sj/qqEn/AKbLqvPf+DOj/j1+Ov8A100L+V5R1H9g/bqivnL/AIK5fF74ifAX/gmx8Yvi38JvEs2jeItF8HTS6VqtsB5lrIzInmJnowDHB7HBr+b/AOAn/BWX/grTo3i+bw18HP2m/iF4i1zxHatp9tpWH1a4lZyDm3hZHYTDBwyDcATj1piUWz+s2iv5W/jb8S/+C+nwI8LH4s/Hjxj8ffDWizTr5mtarc3UVujuflDsOIsngBtvPHXivuz/AIN7v+C6H7Qnxn+PNl+xJ+2F4ufxUNftZD4N8W3qgX0F1Ehc2s7AATo6A7WI3qy4JYMNiuHLoftxX86PxN/4Jc/8F09W/wCCjmr/ABB0fwl44mtbj4oSahZeNofGsS2AtDeGRJx/pIZYxFgbPLyMbdvav6Lq/le+KX/BVv8A4KI2P7fmuavY/ta+MYIrb4pzRW+lRaowso4FvzGsAg+55YQBduMYphG5/U7arOltGlzIHkEYEjDu2OT+dSV5r+1L4d+J/wAQv2SfHvhr4O+L7jQPGOreA9Qi8N61ZHbJZ6g9o/kyKexEhXkcjtzX86v/AAS4/wCCzP7Z/wABf25fB+j/ALRX7RXijXPBus+IotD8Z6R4r1JriO0SWTyfO/eZ8p4ZGDMwx8quDQJK5/TpRRX4m/8ABzj/AMFV/j58FfjR4a/Y+/Zi+L+peFDY6Qur+Mb7QbnybqaaZiLe3Mg+ZUVFLlQRkuM/dFAJXZ+2VFfGn/BBD/hovVf+CZvgn4hftOfErWfE2veL57vW9PudenMtxb6bNJi1jLtyytGnnDPQTgdq/M3/AILq/wDBev8Aaf8A+GnvE/7JP7IfxCufBfhbwTfPpes69ozBb/V7+PifEvJihR8xhUwWKMxJBUABJtn7+0V/Lr4Q0j/g4v8AH/hWx8beD0/aHv8ASdStVubC9jurlVnhYZV1DsGKkYIOOQQR1qD9k3/gul/wUp/Yd+Oq2/xg+JnifxdpNhqn2bxf4E8ds7zKqvtlRDKBJbTrzjoMgBgRmlcfKf1I0VifDP4geG/iz8OPD/xU8G3n2jR/E2iWmq6VcYx5ttcQpNE34o6n8a/nj/4L/f8ABRD9t34Y/wDBUzx/8KPhh+0z4t8NeHfDNvpMGj6RoWqvbQxCXTLW5kYhMbmMszkscnGB0FPYSV2f0b0V/MDp/wC1j/wcKftyeHNP8afDbWfjNrWhWNqlrZ6j4Q0aa0srjy1CF/NiRUuJCR8z7mOSc4r9F/8Ag3c8Of8ABXvRfjN47m/b0j+IUXgl/DcQ02P4gTlnbU/PTabcOS4xF5u4j5eVzk4wrg1Y/WeivwT/AOC9H/Ben9o/Sv2jte/Y9/Y9+IE/g7QPBtybLxJ4k0ghb/U78AGWNJTnyoY87MJhmYMS2MAfMnhHw5/wca/EDwvp/jfwfD+0NfaVqtol1p16l9Oizwuu5JFDurbWBBBI5BB6Gi4+U/qHor+df9jH4bf8HH1p+1b8PrvxRafGm20iLxXZNrM/inUydPWzEq+f9oEkhVo/K3gjBJzxziv6KKYmrH87f/BRD/gmB/wXD+Jn/BQnx98QfhN4H8c6npereLnufCfijTPG0UNnb2zMPIYZuVaFYxjK7MjacA9/6F/Dltq1n4esLTXrsXF9FZRJezr0klCAOw+rZP41/L5/wUv/AOCpX/BQjwT/AMFAviungv8Aa08ZaRa+G/G15b6Lpmnaq0VpaxW74iQQj5CoCjIIOec5zX9Luq6n8QvE37PVzrPgaeFfFeoeDHm0eR1AjGoSWhaIkHgL5pXrxigbvZHxB/wdA/EXx58Of+CXV1c+AfF+o6NNqnjzSbC/uNMu3gkltmE8jRF0IYKWjQkA87cdM18Wf8Gjvxi+K/if9oz4qeAvE/xH1vU9GXwfaXqadqWpy3EaXH2kp5qiRjtbacZHUV8Sft3+Cv8Ags3oPw8vdR/b5s/imPB3/CRIss3iu/8AN05tQJk8soA5Uk/vNpAxjOK8x/Yd8O/t9+I/G+s23/BP208cTa/HpiNro8C3LRzi08z5fMIZcpv6e9IpR90/sOor8cf+CBXgj/gtV4f/AGudU1D9tyP4kW/w7Pha4W7j8e34kjkvS6eR5Ks7NuHz5IwMde1fqL+2V498T/Cv9kT4pfE3wTqH2TWfD3w81rUtJutgbybmCxmkifB4OHVTg8cUyGtT0miv5nv+CMn/AAUo/bu8Z/8ABTT4XeCPHn7UvjDX9G8TeIv7P1vStc1Z7mC5hlRy2UfgNkAgjBBHFf0l+PtWvdA8C61rumuFuLLSbmeBmXIDpEzKSO/IFANWZrUV/Lt+w1/wVK/4KDa7/wAFLPhrbeJP2r/GGp2PiD4tadp2saRqGqNLZ3NrdagkM0JhPyhSkjAYA28EYIFf1E0k7g1YKKKKYgooooAKKKKACiiigDF+IvgTQPif4E1b4eeKbfzNP1mwktbpR1CuuNw9GBwQexAr8S/jH8KfE/wR+JmsfC7xfCVvdIvGhaQIQs6dUlX/AGWXDD647V+51fLH/BSv9iWX9ofwcnxO+HOnofF+hQENAgwdTtRyYveReSh78r3GLhKzE1c/LKin3NtcWdzJZ3kDxTQyNHLFIpVkYHBUg8ggggimVqQeH/Hz/kob/wDXlD/WuLrtPj5/yUN/+vKH+tcXUPcAooopAesfs3f8g7Vf+u8X8mr0yvM/2bv+Qdqv/XeL+TV6ZWi2AK9+/wCCcf7N9z+0H+0NYz6jZltB8MMmpaxKyZRirfuYfq7jp/dRj2rx74bfDbxn8XPGth8PvAGiyX+qajMI7eBOg9WY/wAKgclj0Ar9h/2SP2ZfDP7K/wAI7T4f6O8dzqEuLjXNTVMG7uSAGI77B91QegFTKVkNK56eqhVCqMADAApaKKxLCiiigAr56/4K0f8AKMj48/8AZK9Z/wDSV6+ha8I/4Kg+Gtb8Y/8ABOj43eF/DenyXV/ffDHWIrW2iGWkc2smABQC3P50P+Ddv/lMX8HP+vnWP/TLfV/VNX8h3/BJb9qX4efsYf8ABQ/4ZftI/FhLr/hGtA1S5TWpbKEySwQXNlcWhmCDlxGZw7KPmKq2ATgH+jSH/gvR/wAEkZollH7a3hZdyg7XWcEexBj4NJbFSWp8if8AB4P/AMmg/CX/ALKhJ/6bLqvPf+DOgYtfjr/100L+V5Xm3/BzD/wVL/Y//bY+Gvw4+B37LfxFXxdNofiSfXNa1mxt3W0t1+zPbxwBnALyMZXY7QQoj5OWFes/8Gd3hfXLfwZ8bvGc2nyLpt1qmkWdvcspCyTRR3Duo9cLKn/fVHUf2D75/wCC6P8AyiR+Ov8A2JMn/o6Kvww/4Nm/+UuXgsH/AKF7Wf8A0lNfuf8A8F0f+USPx1/7EmT/ANHRV+F//Bs3/wApc/BfP/Mvaz/6Smh7gvhZ/QR/wVK0vTtY/wCCbXx4stVsoriIfCXX5RHMgYB47CaRGwe6uqsD2Kg9q/mx/wCCFZP/AA9l+CnP/M1n/wBJ5a/pU/4KdHH/AATi+PP/AGSDxF/6bZ6/ms/4IV8f8FZPgp/2NZ/9J5aGC+Fn9Y1fxs/Fr/k+LxF/2Ve5/wDTm1f2TV/Gz8Wj/wAZw+Iuf+ar3P8A6c2p9Qif2OaJzolnn/n1j/8AQRX8rn/Bff8AZM/4ZI/4KZeONB0zT/I0TxiU8VaBtTCGG8Z/NUf7txHOn/Ac96/qj0P/AJAtn/16x/8AoIr8l/8Ag7V/ZMPxE/Zk8G/taaBpofUPh/rD6bq8qJ8x069KgE47JOkZGenmN/epMUXZn2X/AMEl/wBtTSf2qv8Agmr4I/aH8Za/Gt5o/h17Lxle3EufKubBTHPNIf8AaWMSk/7Rr+cbxvq/jT/grV/wVWu7uySfz/ix8TBBp8TZLWemGYRxKcdDHaIuT0ypNdJ+xd/wU98Tfstf8E+f2gP2PLe7uvO+I9vZN4VmjJxZySN9n1EE/wAO+28sgdMxv3avqj/g0u/ZLPxG/a08WftaeIdNEmmfDzw+dO0R5EyDqt98pdT6x2yzKR/08qe1G47WVz9/vAPgrQvhv4G0b4e+F7NLfTdC0u3sLCCNAqxwwxrGigDoAqiv5Bf+CiMxtv8AgoL8Y7hVyY/ihrLAE9cXshr+xCv4/f8Agpx4d1jwX/wUc+M+jeKNKkguIfibqsslvKuC0b3LSIRnsyMrA9wwPehijufoZ4b/AODvz41eG/Dth4dt/wBhzwo8dhZRW0bnxtcruVECg4Frx06V+Y/7VPx+8Y/ts/tVeK/2gdQ8Fw2et+PvEH2pdB0VXmVJXCRpDFn55GO1R0yzHoM4r9rfgx+0F/waz+K/hV4e8ReMPh78LtD1e50iBtU0nWvDcy3NtceWBIjgKQSGzyDg9R1r2T9nv9sf/g2y+D3xAsdV+Aet/Bnw74innWCw1e28NiK4idztAW4ki3RZzgkMB60WY7pdD7I/YV+Hnif4R/sS/B/4V+NrI22s+G/hfoGl6vbE5MNzBp0EUqfg6sPwr+bf/g4zBP8AwWO+LwHrof8A6ZLCv6m4pY54lmhcMjqGVlOQQehr+WP/AIONCR/wWO+LxHrof/pksKGKO5/QT/wRx/5RZfAX/smWl/8AokV9K181f8Ecf+UWXwF/7Jlpf/okV9K01sS9z+U3/gur+xp8Uf2R/wDgoT461Xxbolz/AMI9498Q3fiDwnrjQkwXsdxIZpYwxG0yRSOysnUDacYIr6y8B/8AB3x+0f4X8G6V4c8R/seeDdWvbCwit7nUoPElzaLcsiBfM8rypBHnGcBiB2wOK/Vr9tT9uj/gk34W1e8/Zp/bi+LXw3u7mJI57/wn4uso75YSwyjNG0bqj4OQeGGa+YpPi3/waqbTu074BdOdvhtc/pFS1Kv3RyH7Bn/B1l8Kv2hPjDpnwc/am+Asfw4/ty8S10vxVp3iM31gkznCJco8MbwKWIHmAuuT8wUc1+uKOkiCSNgysMqwOQRX8cP7dt1+zjq37ZfxBuv2LbKaL4bz+I2/4QqFUdT5JRA3lh/nEZm80xg/NsKZ5r+tX9jSz8baf+yV8NLH4kGT+3ofA2mJqvnZ3iYW0e4Nnnd6570IJKx/J5/wVVx/w3/8cyRx/wAJ9q3/AKMav67vhP8A8kt8Nf8AYv2f/ohK/kR/4Kq/8n/fHM/9T9q3H/bRq/ru+E//ACS3w1/2L9n/AOiEoQS2R+eX/B1r/wAotIv+ym6P/wCiruviL/g0C/5O7+K3/YgWn/pYa+7f+DpvwvrniH/glLqGpaPYSTxaL490a+1ExqT5UBaWDecdhJPGD6ZzX5X/APBt7+3b+zj+wv8AtZ+Lda/aY8aDw5o3ivwgtjaa3PA728FxFP5oWUoCVDKSA2MZGDjIo6gvhP6bK8d/4KHf8mDfG3/sk3iL/wBNs9ch8Ef+CvP/AATf/aM+JWm/B/4N/tY+GNa8SaxIY9L0qKV0kunCltib1AZsA4GcnHFd/wDtxeF9b8b/ALFvxd8HeGrGS61HVfhlrtpYWsSktNNJp86oigdSWIA9zTEtz+X/AP4Ih/8AKVz4H/8AY6w/+gPX9WfxY/5Jb4l/7F+8/wDRD1/Ip/wTQ+P/AIC/Ze/bx+Fvx/8AibLcJ4d8N+K4LvV5rSEySRQcqzhBy23dnA5wOK/oz+IH/Bdj/gk9rvw61vTNM/bO8MPcXmiXMVvCVnDM7wsFXBj4OSBSiOW5/Of+wRn/AIeWfBzP/RbdB/8ATtDX9g9fx6/sATw3X/BST4M3VvIGjl+NWgOjDuDq0BBr+wqhDnuFFFFMgKKKKACiiigAooooAKKKKAPkz9uj/gmnoHx7kuvif8HEtNI8XsC95bOBHbaq3q5H3JT/AH+h/i9R+bPxA+HPjn4V+J7jwb8RPC95pGpWzES2t5EVP1U9GU9mBIPrX7s1yPxd+A/wh+O+gnw78WPAdjrFvgiJ50KzQn1jlUh4z7qRVxnYTVz+cn4+f8lCf/ryh/rXF1+s/wC1f/wb8/8ACeeI5/GP7PPxlSyLwqseieJrcuq7c4Anj5xz1KnHvXyV46/4Ijf8FGfBlw8enfBqx8QwoeLnQfEtmysPZbiSJ/8Ax2ndMmzPk2ivoeH/AIJN/wDBRqeUQR/sn6+GJx899YqB/wACacD9a9F+G3/BB79v/wAa3Mf/AAlnhXQPCVuxHmSaz4ghmkUeoS1MoJ9iwougszwv9m7/AJB2q/8AXeL+TV9GfAH9mP4x/tK+JU8PfC/wtJcRCQLearcZjtLRe7SSYxx/dGWPYGvsP9kH/ghh8JfgjC2pfHDx3ceMryaRJJNNtI2s7IFQcAkN5jjnpuUeuRxX294R8GeEvAOhQ+GfBPhuy0rT7ddsNnYWyxRoPYKBQ56aDUTyr9j79in4b/sl+F2j0lE1PxHexqNV8QTQgSOBz5cYOfLjzztHXgnOBj2iiis27lBRRRQAUUUUAFMuLe3vLeS0u4ElilQpLFIoZXUjBBB4II7U+igD8mv2xP8Ag1F/Zz+N/wAVtS+J/wCzx8aL/wCHMGr3TXN34abSVvbGCRjl/s/zo8aE5IQkgZ44wB5F/wAQdl7/ANHwx/8AhGn/AOSK/cKigfMz8TvCf/Bnh4dh163l8c/tq3txpiyA3MOl+FUimdc8hWeVgufXBr9Zf2Rv2RfgZ+xD8D9K/Z//AGffCa6VoWmKWdnbfcXs7f6y4nk6ySueSeg4AAAAHplFFrBds80/bH/Zp8P/ALY37L3jf9mLxRr1zpdj400KXTpdSs0DSWxbBWRQ3DYZVOD1AxXwt/wS4/4N0ND/AOCdn7U9r+1BrP7Sdz4su9M0q6tNM0yHQxaRhp12NJIxkcthc4Axya/TSigLs5T47/CLw/8AtAfBLxf8C/Fd3cW+meMvDN9omoXFoQJYobqB4XdM8bgHJGeMivzV/wCCf3/Bsl4c/Yp/a58NftPaz+1Fd+JY/CV3JdaXpEWgLamWYoyIZZPMbgBiSABk+lfqrRQF2FfkL4y/4NRfAvir9q2/+Ocf7VuoweHdQ8ZPrj6B/YKNcoj3Bna3E/mbeCdoYpnHbNfr1RQK7Qy2gjtbeO1iB2RoFXJ7AYFcT+0v+z74A/ar+Aviv9nf4o2ry6F4t0eWwvjCQJItwykqEggOjhXUkfeUV3NFAH4gX3/BnY5vJv7N/bfxb+YfIE/g/LhM8biJwM464Ffpx/wTL/4J2fDP/gmf+zZB8A/h/rtxrNzPfyahr+v3cCxyX924ALbV+6iqoVVycAdea+h6KBtthXwp/wAFSP8Aggt+zH/wUr8Vp8YZvEF74H+IK2iW114k0e2SWPUo4xiMXULYEjKuFEgIbaApJCqB910UC2Pw8/4g67z/AKPhj/8ACNP/AMkVa0T/AIM7rBdXtT4m/bXln04Tqb6Cz8JiOWSLPzKjNMQrEZAJBx6V+3NFFkO7K+kabBo2k2uj2pYxWlukMZY5O1VCjP4CvzF/4KYf8G2+g/t//tda5+1bov7TNz4VuPEttZrq+kzaELtRLb28dsHicSJtBjiTIIPIJ71+oVFAJ2OB/Za+AWg/ssfs5+Cv2cvC+r3N/p/gvw5a6Ta312AJZ1hjC72A4BOM4Fd9RRQI/Kn/AIKH/wDBsvo37bn7Wfij9qHw9+1JceGn8WTRXGoaRdeHxdCKdYljJRxInykIDgjg55rxIf8ABnZeg5/4bhj/APCNP/yRX7h0UWQ7s/Lf9gr/AINdv2a/2Wfi9pnxr+OfxPu/iZqGh3a3WjaLc6WlrpsdwhzHLLHudpirYYIx25AyCOK/UgAAYAwB0AoooFe5+Rn7WX/Bqv4O/aa/am8WfHmD9q6/0bSPGOvSalqOinw+k08BlbMqRy+YB67SVOM85r9adD0ez8PaLZ6BpwYW9jax28AdsnYihVye5wBVqigLmD8Ufhf4B+NXw81j4UfFLwtaa34e1+wkstX0u+j3xXELjDKR/IjkEAjkV+Q3xl/4NBPhP4g8cXms/A/9q3VvD2iXMzPbaPrWiLevaAn/AFazLIhcD1YZr9l6KBptH5H/ALE//BrRov7K/wC1P4K/aO8U/tXz+IIvBWuQ6tbaRZ+HRam5uITuiDSGVsIGwSAMkDHev1wIBGCKKKAbbPyu/bc/4NYP2YP2jPifqXxZ+AfxTv8A4aXWs3b3Wo6Db6Yl1pvnOxZ3hj3I0ILEnYp2gk4AHFfOvxB/4NHI/h54E1rx7rX7c9rHaaLpVxfXLz+EtiBIo2c5Y3GAML1rxb9q3/gnV/wcPeJP2lPHfiCy8G/FDX7S+8V38+navo/xBtltbi1ed2hMSm8QxoIygCFF2gbcDFeZ6/8A8Erv+DgbxZpE/h7xP8A/ivqFhdJsubK98d2csUq+jK1+QR9aRXzPAP8AgnVbqn/BRT4IWtrL56p8Y/DqxyIPvgapBgj6jmv7D6/EH/giB/wbuftCfBv9orw/+19+3PoFn4c/4RC6+3+F/BCalDd3Ut+oIhuLl7d3iRYiRIqK7MXVS2MEH9vqFoKTuwooopkhRRRQAUUUUAFFFFABRRRQAUUUUAFFFFABRRRQAUUUUAFFFFABRRRQAUUUUAFFFFABRRRQAUUUUAFFFFABRRRQAUUUUAFFFFABRRRQAUUUUAFFFFABRRRQAUUUUAFFFFABRRRQAUUUUAFFFFABRRRQAUUUUAFFFFABRRRQAUUUUAFFFFABRRRQAUUUUAFFFFABRRRQAUUUUAFFFFABRRRQAUUUUAFFFFABRRRQAUUUUAFFFFABRRRQAUUUUAFFFFABRRRQAUUUUAFFFFABRRRQAUUUUAFFFFABRRRQAUUUUAFFFFABRRRQAUUUUAFFFFABRRRQAUUUUAFFFFABRRRQAUUUUAFFFFABRRRQAUUUUAFFFFABRRRQAUUUUAFFFFABRRRQAUUUUAFFFFABRRRQAUUUUAFFFFABRRRQAUUUUAFFFFABRRRQAUUUUAFFFFABRRRQAUUUUAFFFFABRRRQAUUUUAFFFFABRRRQAUUUUAFFFFABRRRQB//Z\" width=\"214\" height=\"91\" /></span></span>Perbandingan Keefektifan Metode Penukaran Uang antara Algoritma Greedy dan Algoritma Exhaustive</p>\r\n<p>&nbsp;</p>\r\n<p style=\"margin: 0cm 0cm 5.65pt 70.9pt; font-size: 11pt; font-family: Times, serif; font-weight: bold;\">M. Sulthan Angka K. &nbsp;(NIM: 1301174660)</p>\r\n<p style=\"margin: 0cm 0cm 12pt 70.9pt; font-size: 11pt; font-family: Times, serif;\"><strong>Tressy M. Setiawan </strong><strong>&nbsp;(NIM: </strong><strong>1301174656)</strong></p>\r\n<p style=\"margin: 0cm 0cm 0cm 70.9pt; font-size: 11pt; font-family: Times, serif;\">Informatics, School of Computing,</p>\r\n<p style=\"margin: 0cm 0cm 12pt 70.9pt; font-size: 11pt; font-family: Times, serif;\">Telkom University, Indonesia.</p>\r\n<p style=\"margin: 0cm 0cm 12pt 70.9pt; font-size: 11pt; font-family: Times, serif;\">&nbsp;</p>\r\n<p style=\"margin: 0cm 0cm 12pt 70.9pt; font-size: 11pt; font-family: Times, serif;\">Email: sulthan.kurniawan@gmail.com, litressy@gmail.com</p>\r\n<p style=\"margin: 0cm 0cm 22.7pt 70.9pt; text-align: justify; font-size: 10pt; font-family: Times, serif; color: black;\"><strong>Abstract</strong>. Penukaran uang yang selama ini kita ketahui pada umumnya adalah sebuah metode yang memudahkan mereka yang ingin melakukan transaksi dengan mata uang berbeda agar tidak terjadi ketidaksetaraan antara nominal yang satu dengan yang lainnya serta agar masyarakat bisa menukar sejumlah uang yang rusak dengan uang yang baru dengan nominal yang sama. Dalam dunia pemrograman pun, permasalahan penukaran uang juga menjadi bahan pelajaran karena solusi untuk masalah ini sangat berkaitan erat dengan penggunaan algoritma. Jurnal ini akan menjelaskan tentang laporan perbandingan dua algoritma mana yang paling optimal untuk metode penukaran uang.</p>\r\n<ol style=\"margin-bottom: 0cm; margin-top: 16px;\">\r\n<li style=\"margin: 12pt 0cm 0cm 0px; font-size: 11pt; font-family: Times, serif; color: black; font-weight: bold;\">Pendahuluan\r\n<ol style=\"margin-bottom: 0cm; margin-top: 16px;\">\r\n<li style=\"margin: 12pt 0cm 0cm 0px; font-size: 11pt; font-family: Times, serif; color: black;\">Latar Belakang Masalah</li>\r\n</ol>\r\n</li>\r\n</ol>\r\n<p style=\"text-indent: 42.55pt; margin: 0cm; text-align: justify; font-size: 11pt; font-family: Times, serif; color: black;\">Jurnal ini menjelaskan tentang <em>Money changer </em>atau dalam bahasa Indonesia yaitu penukaran uang. Istilah tersebut digunakan masyarakat untuk menukarkan uang atau tempat jual beli mata uang asing. Penukaran uang biasanya diterapkan pada dunia perbankan. Yaitu ketika ada nasabah bank yang ingin menukarkan uangnya yang sudah rusak, lusuh, maupun sudak tidak berlaku lagi. Penukaran uang juga diterapkan jika ada masyarakat dari satu negara datang ke negara lainnya sehingga masyarakat luar tersebut secara otomatis harus menukarkan uang dari negara asalnya agar bisa melakukan kegiatan transaksi di negara yang dikunjunginya. Pengertian lainnya dari <em>money changer</em> adalah tempat penukaran resmi valuta asing [1].</p>\r\n<p style=\"text-indent: 42.55pt; margin: 0cm; text-align: justify; font-size: 11pt; font-family: Times, serif; color: black;\">Namun, seringkali kegiatan penukaran uang yang dilakukan secara manual memakan waktu yang lama bergantung pada nominal uang yang akan ditukar. Orang yang bertugas menukarkan uang dari penukar pun harus sangat cermat dan teliti sehingga tidak ada nominal yang lebih ataupun kurang. Pengerjaan yang memakan waktu cukup lama ini kemudian akan menyebabkan antrean sehingga kegiatan penukaran uang secara manual tidak lagi menjadi kegiatan yang cukup efisien.</p>\r\n<p style=\"text-indent: 42.55pt; margin: 0cm; text-align: justify; font-size: 11pt; font-family: Times, serif; color: black;\">Seiring dengan perkembangan teknologi yang sangat cepat, sekarang penukaran uang tidak hanya dilakukan secara manual. Ada mesin dan algoritma yang membantu metode penukaran uang menjadi jauh lebih cepat dan efisien. Dari sekian jumlah algoritma yang ditemukan dan bekerja membantu permasalahan penukaran uang, ada diantaranya yang paling optimal dan efisien. Pada jurnal inilah kita akan mengetahui algoritma apakah yang terbaik.</p>\r\n<ol style=\"margin-bottom: 0cm; margin-top: 16px;\" start=\"2\">\r\n<li style=\"list-style: none; margin: 12pt 0cm 0cm 0px; font-size: 11pt; font-family: Times, serif; color: black;\">\r\n<ol style=\"margin-bottom: 0cm; margin-top: 16px;\" start=\"2\">\r\n<li style=\"margin: 12pt 0cm 0cm 0px; font-size: 11pt; font-family: Times, serif; color: black;\">Masalah yang Dihadapi</li>\r\n</ol>\r\n</li>\r\n</ol>\r\n<p style=\"text-indent: 42.55pt; margin: 0cm; text-align: justify; font-size: 11pt; font-family: Times, serif; color: black;\">Masalah yang mungkin dihadapi dalam pengerjaan penelitian ini adalah <em>running time</em> yang memakan waktu lama tergantung dengan seberapa besar nilai yang dimasukkan <em>user, </em>kemungkinan hasil perbandingan yang berubah-ubah jika menggunakan <em>device </em>dengan spesifikasi yang berbeda, hanya bisa mengembalikan nilai-nilai yang sudah diatur (jika ingin ada yang dirubah, maka harus mengubah kembali algoritmanya).</p>\r\n<ol style=\"margin-bottom: 0cm; margin-top: 16px;\" start=\"3\">\r\n<li style=\"list-style: none; margin: 12pt 0cm 0cm 0px; font-size: 11pt; font-family: Times, serif; color: black;\">\r\n<ol style=\"margin-bottom: 0cm; margin-top: 16px;\" start=\"3\">\r\n<li style=\"margin: 12pt 0cm 0cm 0px; font-size: 11pt; font-family: Times, serif; color: black;\">Metode atau Algoritma yang Digunakan</li>\r\n</ol>\r\n</li>\r\n</ol>\r\n<p style=\"text-indent: 42.55pt; margin: 0cm; text-align: justify; font-size: 11pt; font-family: Times, serif; color: black;\">Sesuai dengan judul jurnal ini, algoritma yang akan kita bandingkan adalah algoritma <em>greedy </em>dan <em>exhaustive</em>. Konsep dari algoritma <em>greedy </em>sendiri adalah mencari (rakus) dengan nilai yang terbesar kemudian baru mengambil nilai sisanya. Sedangkan untuk algoritma <em>Exhaustive </em>konsepnya ialah mencoba dan mencari semua kemungkinan nilai uang yang tersedia untuk ditukar ke nilai yang diinginkan. Secara <em>general</em>, bisa muncul asumsi bahwa algoritma <em>greedy</em> lebih efisien dalam masalah waktu, namun apakah <em>greedy </em>yang menjadi algoritma paling optimal atau bukan, akan dibahas pada bab berikutnya.</p>\r\n<ol style=\"margin-bottom: 0cm; margin-top: 16px;\" start=\"4\">\r\n<li style=\"margin: 12pt 0cm 0cm 0px; font-size: 11pt; font-family: Times, serif; color: black; font-weight: bold;\">Analisis Algoritma\r\n<ol style=\"margin-bottom: 0cm; margin-top: 16px;\" start=\"4\">\r\n<li style=\"margin: 12pt 0cm 0cm 0px; font-size: 11pt; font-family: Times, serif; color: black;\">Pemaparan Algoritma</li>\r\n</ol>\r\n</li>\r\n</ol>\r\n<p style=\"text-indent: 42.55pt; margin: 0cm; text-align: justify; font-size: 11pt; font-family: Times, serif; color: black;\">Pada penerapan metode penukaran uang, algoritma <em>greedy</em> dan algoritma <em>exhaustive</em> adalah algoritma-algoritma yang paling sering dibahas. Berikut penjelasan lebih rinci antara kedua algoritma.</p>\r\n<ol style=\"margin-bottom: 0cm; margin-top: 16px;\" start=\"5\">\r\n<li style=\"list-style: none; margin: 12pt 0cm 0cm 0px; font-size: 11pt; font-family: Times, serif; color: black; font-style: italic;\">\r\n<ol style=\"margin-bottom: 0cm; margin-top: 16px;\" start=\"5\">\r\n<li style=\"list-style: none; margin: 12pt 0cm 0cm 0px; font-size: 11pt; font-family: Times, serif; color: black; font-style: italic;\">\r\n<ol style=\"margin-bottom: 0cm; margin-top: 16px;\">\r\n<li style=\"margin: 12pt 0cm 0cm 0px; font-size: 11pt; font-family: Times, serif; color: black; font-style: italic;\"><span style=\"font-style: normal;\">Algoritma Greedy</span></li>\r\n</ol>\r\n</li>\r\n</ol>\r\n</li>\r\n</ol>\r\n<p style=\"text-indent: 42.55pt; margin: 0cm; text-align: justify; font-size: 11pt; font-family: Times, serif; color: black;\">Konsep yang ada pada algoritma greedy dalam menyelesaikan permasalahan penukaran uang yaitu mencari dan rakus ke nilai yang terbesar. Namun, algoritma greedy sendiri belum tentu yang paling optimal [2]. Misalnya, diketahui ada 4 koin yang tersedia yaitu; Rp.9, 7, 5, dan 1. Sementara uang yang ingin ditukar bernilai Rp.12. Untuk algoritma greedy, ia akan mengembalikan 4 buah koin dengan nilai 9, 1, 1, 1. Hanya ada satu solusi optimal yang dikembalikan oleh algoritma greedy. Sedangkan pada algoritma exhaustive, bisa mengembalikan lebih dari satu solusi optimal.</p>\r\n<ol style=\"margin-bottom: 0cm; margin-top: 16px;\" start=\"6\">\r\n<li style=\"list-style: none; margin: 12pt 0cm 0cm 0px; font-size: 11pt; font-family: Times, serif; color: black; font-style: italic;\">\r\n<ol style=\"margin-bottom: 0cm; margin-top: 16px;\">\r\n<li style=\"list-style: none; margin: 12pt 0cm 0cm 0px; font-size: 11pt; font-family: Times, serif; color: black; font-style: italic;\">\r\n<ol style=\"margin-bottom: 0cm; margin-top: 16px;\" start=\"2\">\r\n<li style=\"margin: 12pt 0cm 0cm 0px; font-size: 11pt; font-family: Times, serif; color: black; font-style: italic;\"><span style=\"font-style: normal;\">Algoritma Exhaustive</span></li>\r\n</ol>\r\n</li>\r\n</ol>\r\n</li>\r\n</ol>\r\n<p style=\"text-indent: 42.55pt; margin: 0cm; text-align: justify; font-size: 11pt; font-family: Times, serif; color: black;\">Konsep pada algoritma exhaustive yaitu mencoba semua kemungkinan yang ada kemudian mengembalikan solusi yang paling optimal. Karena algoritma ini mencoba semua kemungkinan yang ada, maka diasumsikan waktu eksekusi yang dibutuhkan oleh algoritma ini lebih lama dibandingkan waktu yang dieksekusi oleh algoritma greedy. Namun begitu, algoritma exhaustive juga bisa mengembalikan nilai optimal seperti algoritma greedy. Di dalam algoritma sendiri ada fungsi rekursif yang mencari semua kemungkinan. Setelah melewati fungsi rekursif tersebut, barulah algoritma ini mengembalikan nilai minimum.</p>\r\n<p style=\"text-indent: 0cm; margin: 0cm; text-align: justify; font-size: 11pt; font-family: Times, serif; color: black;\">&nbsp;</p>\r\n<ol style=\"margin-bottom: 0cm; margin-top: 16px;\" start=\"7\">\r\n<li style=\"list-style: none; margin: 12pt 0cm 0cm 0px; font-size: 11pt; font-family: Times, serif; color: black;\">\r\n<ol style=\"margin-bottom: 0cm; margin-top: 16px;\" start=\"2\">\r\n<li style=\"margin: 12pt 0cm 0cm 0px; font-size: 11pt; font-family: Times, serif; color: black;\">Analaisis Kompleksitas Waktu Algoritma</li>\r\n</ol>\r\n</li>\r\n</ol>\r\n<p style=\"text-indent: 42.55pt; margin: 0cm; text-align: justify; font-size: 11pt; font-family: Times, serif; color: black;\">Permasalahan penukaran uang atau <em>coin changer</em> sendiri adalah permasalahan yang mirip dengan permasalahan knapsack. Secara umum, permasalahan penukaran koin yaitu NP-<em>Complete </em>ketika nilai-nilai koin besar diwakili dalam biner namun dapat diselesaikan dalam waktu polinomial [3]. Pada algoritma greedy, kompleksitas waktunya adalah linear sedangkan pada algoritma exhaustive kompleksitas waktunya adalah faktorial.</p>\r\n<ol style=\"margin-bottom: 0cm; margin-top: 16px;\" start=\"8\">\r\n<li style=\"margin: 12pt 0cm 0cm 0px; font-size: 11pt; font-family: Times, serif; color: black; font-weight: bold;\">Experimental Results\r\n<ol style=\"margin-bottom: 0cm; margin-top: 16px;\" start=\"6\">\r\n<li style=\"margin: 12pt 0cm 0cm 0px; font-size: 11pt; font-family: Times, serif; color: black;\">Study Case</li>\r\n</ol>\r\n</li>\r\n</ol>\r\n<p style=\"text-indent: 42.55pt; margin: 0cm; text-align: justify; font-size: 11pt; font-family: Times, serif; color: black;\">Tiap mata uang diseluruh belahan dunia memiliki pecahan mata uang. Oleh sebab itu ada yang disebut istilah &ldquo;menukarkan uang&rdquo;. Yaitu proses dimana pecahan uang yang besar diubah menjadi pecahan yang lebih kecil. Seiring perkembangan zaman, komputerisasi sistem ini terjadi. Komputerisasi dari sistem penukaran pecahan uang ini memerlukan adanya algoritma, yaitu urutan langkah-langkah logis penyelesaian masalah yang disusun secara sistematis dan logis.</p>\r\n<p style=\"text-indent: 42.55pt; margin: 0cm; text-align: justify; font-size: 11pt; font-family: Times, serif; color: black;\">Algoritma penukaran uang telah banyak dikembangkan dan diterapkan. Masing masing algoritma memiliki kelebihan dan kekurangan masing masing baik dari &ldquo;Run-Time&rdquo; sampai hasil ketepatan output-nya. Sehingga tiap algoritma perlu diadakannya analisis kelebihan dan kekurangannya agar penerapan algoritma sesuai dengan kebutuhan [4].</p>\r\n<ol style=\"margin-bottom: 0cm; margin-top: 16px;\" start=\"9\">\r\n<li style=\"list-style: none; margin: 12pt 0cm 0cm 0px; font-size: 11pt; font-family: Times, serif; color: black;\">\r\n<ol style=\"margin-bottom: 0cm; margin-top: 16px;\" start=\"7\">\r\n<li style=\"margin: 12pt 0cm 0cm 0px; font-size: 11pt; font-family: Times, serif; color: black;\">Computer Spesifications</li>\r\n</ol>\r\n</li>\r\n</ol>\r\n<p style=\"margin: 0cm; text-align: justify; font-size: 11pt; font-family: Times, serif; color: black;\">&nbsp;</p>\r\n<table class=\"MsoTableGrid\" style=\"border-collapse: collapse; border: none;\" border=\"1\" cellspacing=\"0\" cellpadding=\"0\">\r\n<tbody>\r\n<tr>\r\n<td style=\"width: 97.55pt; border: solid windowtext 1.0pt; padding: 0cm 5.4pt 0cm 5.4pt;\" valign=\"top\">\r\n<p style=\"margin: 0cm; text-align: justify; font-size: 11pt; font-family: Times, serif; color: black;\">CPU</p>\r\n</td>\r\n<td style=\"width: 366.8pt; border: solid windowtext 1.0pt; border-left: none; padding: 0cm 5.4pt 0cm 5.4pt;\" valign=\"top\">\r\n<p style=\"margin: 0cm; text-align: justify; font-size: 11pt; font-family: Times, serif; color: black;\">Intel Core i7</p>\r\n</td>\r\n</tr>\r\n<tr>\r\n<td style=\"width: 97.55pt; border: solid windowtext 1.0pt; border-top: none; padding: 0cm 5.4pt 0cm 5.4pt;\" valign=\"top\">\r\n<p style=\"margin: 0cm; text-align: justify; font-size: 11pt; font-family: Times, serif; color: black;\">Memory type</p>\r\n</td>\r\n<td style=\"width: 366.8pt; border-top: none; border-left: none; border-bottom: solid windowtext 1.0pt; border-right: solid windowtext 1.0pt; padding: 0cm 5.4pt 0cm 5.4pt;\" valign=\"top\">\r\n<p style=\"margin: 0cm; text-align: justify; font-size: 11pt; font-family: Times, serif; color: black;\">DDR 3</p>\r\n</td>\r\n</tr>\r\n<tr>\r\n<td style=\"width: 97.55pt; border: solid windowtext 1.0pt; border-top: none; padding: 0cm 5.4pt 0cm 5.4pt;\" valign=\"top\">\r\n<p style=\"margin: 0cm; text-align: justify; font-size: 11pt; font-family: Times, serif; color: black;\">Memory size</p>\r\n</td>\r\n<td style=\"width: 366.8pt; border-top: none; border-left: none; border-bottom: solid windowtext 1.0pt; border-right: solid windowtext 1.0pt; padding: 0cm 5.4pt 0cm 5.4pt;\" valign=\"top\">\r\n<p style=\"margin: 0cm; text-align: justify; font-size: 11pt; font-family: Times, serif; color: black;\">4 GB</p>\r\n</td>\r\n</tr>\r\n<tr>\r\n<td style=\"width: 97.55pt; border: solid windowtext 1.0pt; border-top: none; padding: 0cm 5.4pt 0cm 5.4pt;\" valign=\"top\">\r\n<p style=\"margin: 0cm; text-align: justify; font-size: 11pt; font-family: Times, serif; color: black;\">GPU</p>\r\n</td>\r\n<td style=\"width: 366.8pt; border-top: none; border-left: none; border-bottom: solid windowtext 1.0pt; border-right: solid windowtext 1.0pt; padding: 0cm 5.4pt 0cm 5.4pt;\" valign=\"top\">\r\n<p style=\"margin: 0cm; text-align: justify; font-size: 11pt; font-family: Times, serif; color: black;\">Intel@HD Graphics 3000</p>\r\n</td>\r\n</tr>\r\n<tr>\r\n<td style=\"width: 97.55pt; border: solid windowtext 1.0pt; border-top: none; padding: 0cm 5.4pt 0cm 5.4pt;\" valign=\"top\">\r\n<p style=\"margin: 0cm; text-align: justify; font-size: 11pt; font-family: Times, serif; color: black;\">Core Clocks</p>\r\n</td>\r\n<td style=\"width: 366.8pt; border-top: none; border-left: none; border-bottom: solid windowtext 1.0pt; border-right: solid windowtext 1.0pt; padding: 0cm 5.4pt 0cm 5.4pt;\" valign=\"top\">\r\n<p style=\"margin: 0cm; text-align: justify; font-size: 11pt; font-family: Times, serif; color: black;\">643 Mhz</p>\r\n</td>\r\n</tr>\r\n</tbody>\r\n</table>\r\n<p style=\"text-indent: 0cm; margin: 0cm; text-align: justify; font-size: 11pt; font-family: Times, serif; color: black;\">&nbsp;</p>\r\n<p><span style=\"font-size: 11.0pt; font-family: Times, serif;\">&nbsp;</span></p>\r\n<p style=\"margin: 0cm; font-size: 11pt; font-family: Times, serif;\">&nbsp;</p>\r\n<ol style=\"margin-bottom: 0cm; margin-top: 16px;\" start=\"10\">\r\n<li style=\"list-style: none; margin: 12pt 0cm 0cm 0px; font-size: 11pt; font-family: Times, serif; color: black;\">\r\n<ol style=\"margin-bottom: 0cm; margin-top: 16px;\" start=\"8\">\r\n<li style=\"margin: 12pt 0cm 0cm 0px; font-size: 11pt; font-family: Times, serif; color: black;\">Experimental Results\r\n<ol style=\"margin-bottom: 0cm; margin-top: 16px;\" start=\"3\">\r\n<li style=\"margin: 12pt 0cm 0cm 0px; font-size: 11pt; font-family: Times, serif; color: black; font-style: italic;\"><span style=\"font-style: normal;\">Run-Time Graph</span></li>\r\n</ol>\r\n</li>\r\n</ol>\r\n</li>\r\n</ol>\r\n<p style=\"margin: 0cm; text-align: justify; font-size: 11pt; font-family: Times, serif; color: black;\"><span style=\"position: absolute; z-index: 251656192; left: 0px; margin-left: 419px; margin-top: 870px; width: 328px; height: 57px;\"><img alt=\"Unsupported image type.\" width=\"262\" height=\"46\" /></span><span style=\"position: absolute; z-index: 251653120; left: 0px; margin-left: 30px; margin-top: 873px; width: 327px; height: 54px;\"><img alt=\"Unsupported image type.\" width=\"262\" height=\"43\" /></span><img src=\"data:image/png;base64,iVBORw0KGgoAAAANSUhEUgAAA+gAAAPoCAYAAABNo9TkAAAABHNCSVQICAgIfAhkiAAAAAlwSFlzAAALiQAAC4kBN8nLrQAAIABJREFUeAHsnQn8fUP9/0e0iLQnlSxRZCc72SopyZaSvShb/CpFpQhlTQttRCohEi0qRVS0oCRLki2hPRTtdf7v5/yb85gz95xzz733nLt8vq/343Hv2WZ5z2vW98x73jNfZuREQkAICAEhIASEgBAQAkJACAgBISAEhMBEEXjYRGNX5EJACAgBISAEhIAQEAJCQAgIASEgBISAR0ACugqCEBACQkAICAEhIASEgBAQAkJACAiBKUBAAvoUZIJYEAJCQAgIASEgBISAEBACQkAICAEhIAFdZUAICAEhIASEgBAQAkJACAgBISAEhMAUICABfQoyQSwIASEgBISAEBACQkAICAEhIASEgBCQgK4yIASEgBAQAkJACAgBISAEhIAQEAJCYAoQkIA+BZkgFoSAEBACQkAICAEhIASEgBAQAkJACEhAVxkQAkJACAgBISAEhIAQEAJCQAgIASEwBQhIQJ+CTBALQkAICAEhIASEgBAQAkJACAgBISAEJKCrDAgBISAEhIAQEAJCQAgIASEgBISAEJgCBCSgT0EmiAUhIASEgBAQAkJACAgBISAEhIAQEAIS0FUGhIAQEAJCQAgIASEgBISAEBACQkAITAECEtCnIBPEghAQAkJACAgBISAEhIAQEAJCQAgIAQnoKgNCQAgIASEgBISAEBACQkAICAEhIASmAAEJ6FOQCWJBCAgBISAEhIAQEAJCQAgIASEgBISABHSVASEgBISAEBACQkAICAEhIASEgBAQAlOAgAT0KcgEsSAEhIAQEAJCQAgIASEgBISAEBACQkACusqAEBACQkAICAEhIASEgBAQAkJACAiBKUBAAvoUZIJYEAJCQAgIASEgBISAEBACQkAICAEhIAFdZUAICAEhIASEgBAQAkJACAgBISAEhMAUICABfQoyQSwIASEgBISAEBACQkAICAEhIASEgBCQgK4yIASEgBAQAkJACAgBISAEhIAQEAJCYAoQkIA+BZkgFoSAEBACQkAICAEhIASEgBAQAkJACEhAVxkQAkJACAgBISAEhIAQEAJCQAgIASEwBQhIQJ+CTBALQkAICAEhIASEgBAQAkJACAgBISAEJKCrDAgBISAEhIAQEAJCQAgIASEgBISAEJgCBCSgT0EmiAUhIASEgBAQAkJACAgBISAEhIAQEAIS0FUGhIAQEAJCQAgIASEgBISAEBACQkAITAECEtCnIBPEghAQAkJACAgBISAEhIAQEAJCQAgIAQnoKgNCQAgIASEgBISAEBACQkAICAEhIASmAAEJ6FOQCWJBCAgBISAEhIAQEAJCQAgIASEgBISABHSVASEgBISAEBACQkAICAEhIASEgBAQAlOAgAT0KcgEsSAEhIAQEAJCQAgIASEgBISAEBACQkACusqAEBACQkAICAEhIASEgBAQAkJACAiBKUBAAvoUZIJYEAJCQAgIASEgBISAEBACQkAICAEhIAFdZUAICAEhIASEgBAQAkJACAgBISAEhMAUICABfQoyQSwIASEgBISAEBACQkAICAEhIASEgBCQgK4yIASEgBAQAkJACAgBISAEhIAQEAJCYAoQkIA+BZkgFoSAEBACQkAICAEhIASEgBAQAkJACEhAVxkQAkJACAgBISAEhIAQEAJCQAgIASEwBQhIQJ+CTBALQkAICAEhIASEgBAQAkJACAgBISAEJKCrDAgBISAEhIAQEAJCQAgIASEgBISAEJgCBCSgT0EmiAUhIASEgBAQAkJACAgBISAEhIAQEAIS0FUGhIAQEAJCQAgIASEgBISAEBACQkAITAECEtCnIBPmdRY+8YlPuPnmm6/0d8MNN8zr8Ayd/j333LMU03XWWadvmP/973/dIYcc4p7ylKe45ZZbzl100UV9/cjB9COw5ZZblpYJ6t/JJ588/QkQh+6aa66pzMMzzzxz7AidcMIJlfxsv/32Y+dnkAjVzg2C1tx0W1efnvSkJ83NRCtVQkAITD0CC0w9h2JQCAiBsSNwyimnuGOPPdbH+/vf/9694hWvcLfccot7xjOeMXZeFKEQEAJCoAsE1M51garCFAJCQAgIgVER0Ar6qAjKvxCYgwh85zvfKaTqb3/7m7vqqqsK7/QgBISAEJhlBNTOzXLuiXchIASEwNxFQCvoczdvZyZlG264oTv11FM9v9/4xjfceeedNzO8TzOju+++uwvq7G9/+9sdK+FNadVVV3Vnn3127vxhD3uYW2mllfJn3cwmAgcccIDbeuutPfM/+9nP3Iknnpgn5OEPf3h+r5vpRWDJJZfM28s0DyfB9eabb+4e97jH+ahRGX/961+fszHtZWqUdi7LMvflL3/ZvfCFL3QLLrhgnmbdzBYCcX2CczTHbr31Vp+ILssvk96Md17+8pfPFmBzkNtf//rXXkNwo402moOpU5JmFgHrZERCYGoQOP744zOrTPnv+uuvnxreZpmRZz3rWTmma6+9dt+k2OAhe9nLXub9POIRj8g+9KEP9fUjB7OFwDe/+c28TFDnbJJsthIgbrM0Dz/zmc9MFJV//etfhTK10047TZSffpEP0879+9//zmzyMrMJS5/W++67r180+j5DCKy//vp5GX7605/eOud//vOfs2OOOSYz+y7ZKqus0nr4CrA5AnfccUe2zz77ZI985COzAw88sLlHuRQCY0BAK+gzO7UixoVAdwg86lGPcl/60pfcH/7wB7fQQgtphag7qBWyEBACE0JgmHYOo3gY0BQJgWEQ2GGHHdzXv/5173WxxRYbJgj5aQmB5Zdf3v39739vKTQFIwTaRUACert4KjQhMKcQkBXbOZWdSowQEAIlCAzSzpmWQEkIeiUEmiGg8tMMp3G4Ul6MA2XFMSwCMhI3LHLyJwSEgBAQAkJACAgBISAEhIAQEAJCoEUEJKC3CKaCEgJCQAgIASEgBISAEBACQkAICAEhMCwCUnEfFrkx+sP69uWXX+5+9atfOazkPvWpT3Vm6Mstu+yyI3Fxww03uJ/+9KfuN7/5jUPVBzW/Zz/72W7dddd1CywwfUXjj3/8o/v2t7/t7rrrLvfPf/7TsX/rec97nmMf0TBEmq+99lqHJeTf/va3PognPvGJzgy3uNVWW83NP//8wwRb6Qesf/KTn7h7773XPfrRj3ZmuM1tsMEG7rGPfWyln6Yfbr75ZvfjH//YpwPrsKQDq+uUk7bT0ZSn1N0999zjrrzySp9/8803nzMDPD79bZytTv5dccUVvizff//97jGPeYwvy+utt55bZJFFUlYaP4MreUYdAVesVS+33HJurbXW8nvzGwfUwGGX+DSIfixO7r77bvf973/fl9O//OUvvs1ZfPHFHSc5YOugTfrPf/7jy9vPf/5zR9ux6KKLuuc85zm+faP8VdFtt93mOH4Ly75Y537mM5/p+TOjTlVeBn7fVZs+MCPmgXR+73vf81fy5PGPf7wjT7BovPDCCw8T5Fj8mHE2n7+33367g294ffKTn+z7BPqxaaau+p5ZxmSY/OoKx2F4mVf9jDsPpq2fpP3kCFr4ov4x9uBkAMZe9DnTQOMcx0xDeucMD2MwRKcoKhDAEqwVpNKfVfrMhJlsiy22yOyIq1I3K6+8cvbFL36xIvTy1zZozT7ykY9kJtyXhgk/JoRk73znOzMb9JQH8r+3dsRMZRhYX8dC7tFHH50997nPzbAEHqf1sssuKw27zIr71VdfnW211VaVOBD+5z73udLwyl5+7Wtfy17xildkJiQXeIr5w3qrHUGVgVcd1WFggr/3eu6552YrrLBCaVxmpCjbb7/9+mJdxsM//vGP7AMf+EC21FJLlYZNemwyJ/vgBz+YWYeRu6mz4m5CUu4uxuOVr3xlGQue79hdfP/Rj37U+/nRj36U2VFEpflnglL2kpe8JPvFL35RGn6/l2bILiM9hBPHHe7J4/333z9785vfXPheF59NpGRveMMbvJXdEE56BSfy7YEHHqhlkTqU+g3P48CnjrnUAnidFffDDjusMh2kp+60BerQmWee6S0Wh7SnV9oH6jh1vR+leRnCssGQ92pGf7L3vve9mU3glfJswmf2yU9+sieaiy++ONt4441L/dgkV2bGnTKbXOvxF78Yd5ue5uEgVtwvueSSDIvVVXWHPHn1q1+dYem4KdlgvYBfnRV3+oCQd2XXk046qTRam4zLdtttt54+JQ6D9pZ2t4oGbedssqKW1zjuOsvcbfY9cdrawCQOL71/7WtfW5r+NdZYI3WaP1PvsVQesKk7CQQL2sFdfLUJtTy8+KYrHIljECvuMa/p/XbbbZeznH6re06tiVeNHV760pfm4ac38aktcVwxT6mfQZ/bzINx9ZP92pwYK+4vuOCCUlgYn9PH2GR9abnFL+P2LbfcMjPhuDSM+GVVn2YLLd6ZCf/Z3nvvnS2xxBI97XUcTnzf5jgmDlf340PAjS8qxZQiUDeY23HHHXsqYtp4hGcGQbainAbf80wnbit/lQ1KCC9c6RhstbonnPCiTjj94Q9/mNUNamgoyygV0OlQqiYoAp/hauc7+0mBsnB5R1pMO6Bx+gnXzijNOFaniuowsBVdP8ES+Ku7MtnC8StNiUa/bpKlLq5xCegnn3xydvDBBzfKP9MiyGylumnyPVYMUOrSWfetTEAnn3feeefG9Y7wl1lmmcxW1yv5rht4dIlPJUPRh1S460JAZ2AxSJsDpkx8IOhVUdVgBgHdNGJ8ntTlffj2f//3fz4K07jIaG/D+7rr0572tOyXv/xlFWv++K0q/1206WkeNhHQwbZK4Crjnbr5rW99qzLN8YeuBXTThvCTjmV8lr0jnZTrtL8Zt4DeRd8TcG8LkxBe2bWqvNQJ6CwwxHmy+eablwXt3zUV0LvEMTAnAT0gUX7tIg/G1U+2IaCzKFLVfsTlPdyzSGCan+Vg/u9tVZ+GgE79ZsEohJde04C7GMekceh5PAhMnx6zlT6Rcya85zA84QlP8OrstqLhUL9ERTqmz372s1799vzzz49fF+45Lgs10ltuuSV/j7qudUbOBp1eZdyEFmeCtbOZb+/mxhtvdCagepVUOycy99fk5qCDDnLf/e53mzitdROnCVVwVBdRO73zzju9qnTs+cILL3R2drezlTBnQn38yd+j9n3rrbcW3vMOFWuwQD3ppptuctbA5W5MQ8HZmaXuHe94R/6u6Y3NnjrUrQOhIkt8qEsTV0yov9sgxZ1++unx69J7tiaQl3HYOOTIIJtU8Srz5Deq+zZgLg1jHC8PPfTQAo+ofqHWbhMRPWXYVqKdaTV4nvup5D/00EM+/dddd10hGagtmzaFVyuzDt+h2kxcTYl4yRdrenMvbEUwDQVHHTSNBUedIP5AlCcT6p0JSuFV42tX+DRmoGOH1FHal7S9Aku2plCfUQ+0VXOPbWDnwx/+sLNVW3/MX7+yEPxwJe/YnhOOzaENoLyRhzao9G1k7N4GWs4mWBzxUVcCwR+qiajF/+53vwuv/ZW07Lrrrn7LUeFDg4e22/QGUfY4oWybNoz7whe+kH+jX1lnnXXc0ksv7bc2sZWKrSgPPvigd0PdpB9gCw14TYrol7bffnvffgYeaFM322yzPL9Q1aePDHTaaac5fjaJ7Uw7Irwe+Eo5DGWRbWZxGxHeh0DLtod11fdMEpOQ3qorx3TGxDY92k4TbuLXA913heNATAzhOC4jYXwVgom/8S59Du6m5TruPGizn2SMEOMb5wXf0nFj+kweMKaKxwCER9sJLtR9xtFsuQv017/+1W277ba+XaLPG4QYizIuQn2+KcHPOMcxTfmSuyEQGM88gGIpQ8AGEn52nxl+VNkt+wo/Vp7svMyeFVxmpp///OcX3OIX1fUqsgYid//whz88s7NcS1eb4SldZWZVu4yYSYV3fqxep/zzbAMqv/pijWzhe7qiEcJPV9AJY8UVV/SqRqh0x2QDxlLc3vOe98TOCveoJbFajfqkCRCFbzzYgDzbc889C7yygoTabBn1w8AabK+aZEJ17t0GeBmr66uuumohHtzaHt3cXdkNM802SVHwZx2Dz3sbUBe8sMUANc80nroV9DPOOMPn58c//vFCHFUq7qyYhTLAanlZGXjRi16UoU5rnWHOnwm2XmU4dX/OOefkbqpuULuN/VmHlNmEUIbaWUzEB85lZbNsBR2/NsDPWIl917ve5Vf0mY2OiXKAqiZ1KObhBz/4Qewsv58EPnnkfW7S1VfysYrYpmD2EgppZhtAyPs//elPBa/gtPrqqxfcs/p81lln9bRnlGm2wrDdI8aU8lRGaOeEeM3+RMEP/m0PtQ8v1myg7bCJzIy6EscR7m0glu2+++4Z6YwJrY5NN920x09Vfo+zTYfPNA/7raBTdkOauZJmNKtSQqvgda97XcFtnUpt8E95j8OvU3Fnu0C6MktbEfLWJsNCsP560UUX9YRd1i6z7YttWnV8DNrOxYy89a1vLYSd9kux2/i+7b6HsNvEJOY1vbfJdp8vseo09bVKBRj/ZXWzakue2aUotNO06WwBOu+881JWvGpxm314GsEgK+iMNeK+gK1kp5xyiseKPq+MYo0ixlr9yBYpfHjve9/7CuWurj7S71OPKHNxPWhLxb3tsjyJftIE5wI2b3vb2/plhf9Of0Vfttdee/mxLeHExPjuq1/9as8WK1voiZ0V7vv1aZQx+GMLGNsF4zwtBPS/h7bHMWVx6F33CEjFvXuMG8WQCjdvetObCgJNGgiCw2te85pCRTUDOaVCN+qJcYX+xCc+kQZXeLbZN98ABT/s2aTRqaMjjjiiEAd+bdU594JARGcefmYkKf8W36QCOsIyjXcVwdcb3/jGQtxmLCgjDWXEYKpfWvDHftiQfq6XXnppWXCFd0ceeWTBDwOUOrVteFzC9hTF8dgKeiHM9IEBQezeDFhlCAV1BH6mJZD7qxPQQzjpQLtKQA/uuTKIi3ljkFy3DxQ/bCGI/djqJK8rKVWbpOOiM+xHqE3H8VQJ6IRTNuhPw8c+QRweNhv60Tjw6cdD/D0V7hjQVVFaLxmg1RETgDE+DOxtZbbOiy8/sZDOIN00fmr92OppIR7qbVXbQkAMcAg35o19skzkVBHbh1Dljf0cfvjhVc7z91226SGSNA/rBHTsJdA2hnSwnaMfxdtI2KveLz/SdqNOQGeSNubHtJ+yOmGX/iTwTr1PJyTjtDAYDm65VvGR8tuknXvLW95SCLvJ9jJ466Lv6QKTGMf0nnYuxrXK9gTta3AXq+cy6VNFTM4EP9TrKuoCxziupgI6k+nskQ88s92JCft+tOaaa+Z+zIhpP+f5dyagQ1xc6wT04CnOB/y0JaB3mQfj6idtFbyA59vf/vYAW99rkzHCNddcU9jeZ1qPfcPFQTohzOQxC3WBmMwK4+i6CbImPA4zjgl86No9AhLQu8e4UQzpYK5OgAgBMjBIV6lMnS98zq/bbLNN3hBVGV3JHf/vJl3x7me8KRXQMdyWrj6mcZQ9p4JA1QAg9stK6UaJER8EhFEIg1FxZ2hqsH2DSwX0usYzBPb+97+/EE9qICa440p+MwkT+GLAzExpE4pXPsYloNelJfDMnuGQHq51Bpbwkwr0rLw2oTRvmtSvunCZRY9XTjA62I/SgUcX+PTjIf6eCndVAvq73/3uQh71q1sMDNBCCPlKOe3XfgS+0vrACmsdpQJ61cRcHEZahuqMVwV/n//85/P0kC40kvpRl216iDvNwzoBHWORcZ7009YhDlYBgx+utM91lAq8VYIxA07bqpSHDZ79BF00NgIvaBvVCfN1PMbfUn6bCOjpflHCaJMG6Xu6wKQuLRieCnlQVx7i1V7KJEIG7pkoLiPaU9tGl4f9sY99rMzZQO8GwTEOuImAfscdd2Sm1pzzy7gKextNKJ7sI66mNE0CelOeh8mDcfWTlLm4LMcLSk3T189drI3K2K0JpQL661//+ibehnIzzDhmqIjkaSgEejfqWokVzQYCJiA4W8kpMGuWNQvPNuhx8TtbYSp8r3owNazCJ45GGoR22223wl6fQfwO6pZ9QkcddVTBW5zmwoeGD+leS1PhbehzMGfWQRc8sO+1ikyt1nE8UyD221sHEB5n8sqRdhyPFKgu/TYgd9/4xjeCU8f+UzP0lT+P8waeOe4wUFflYxB8Ai9tXg855BB32GGH5UGakOdMQMmfy244oizeg0c5Zc95E9pnn318vga32JUwjZfw2Mo1rXPsPexHHNcXU1f53aRNj/kY5B4sA5Ef7M/vR7ba52J8Bu0HysLHrgf9EMcWQiYUOzuFw5H2OjL14fwzezNtUjh/HueNjbQK0dH/tEmD9D3jxoSjO00YzZNb1c+SxxD2H7AbgI0DiGMWU9shvLeJoNwOhWm4+D27vB+FBsFxkHhsctfZFkPH8X4Qdk/YX48tnyYUl5+2y06T+Mfppqs8SNMwTD8Z5wPhdZEXcfqH7TNMUzZNbmvP4xrHtMbwPBZQuz3LPAbeNCT3xS9+cUHAMVXNAlu2pzI3msQHO+7In+PMWc51vwMOOKAQTmxEqfDhfw9pYzfuc2g5T5xz0QNhLGiUgT3GPmKKjYnE70e9x7BITGHQGr8L95wBHxPGQ2adGPxz7nKguvTbKmw+qMc9gh+G8SZFcRnpqnwMgk+bOFCfMVp47LHH+mDhw/aEurRdKIvTVnULrwcppxijtGP3cv9M2JiWRf7cxk1a55qEmfqpK6dNwqtz069Nr/Nb9Q2BFgOggTAWWtf+h29M1MYCer9+IIRfdUUQR2Bj4hiyFXaHkdO4LlX5xR8G7QLZdh8v+OE/NtoUvnd1TfuVGJ824kyxqGtbJoFJXJ8ZbwRjgiHtCCIYGYQw4EcbberY4bOzffP5fbj5yle+Em69MT/Osx+VBsGxaVwYCUU4x5AiZHvhvXAeT9b2CysuP22XnX5xj/t7F3lQlgZwbDqOCP7jfOBdF3kRp7+uHgeeuI57LD0MjzG/uu8OgaIU0l08CrkjBFh1WG211XKL6VgdpiFgFhoyVaxCzFhN5jcopdaMB/U/DvcMJsPMPQNoU3f1ljXL4mY1msEiV2bCcUuDzYw/FpwH6XDLwm/6bpBZ2zAoCGGbqly4nelrUwzGmX47Sst96lOf8gNNBmUMOlnBR4B80pOe5C27x6vEXWZAU3xG5cGM3jh+KRG/GT5ypm6efip9ZoUpplQbJ/5Wds+q7RlnnJF/og1rs6wPg+cwfvIEDHjTr00fMDjvnPYba8KBsMzOb1AatB9AeOZXRnvssYczeyiNV67M3oaz7QgOLYswiGXSgR/tNhN2rMabwdVOJ+5C3CFNgw7s2+x7JoEJAnrQWGOixWzceI2IgAcCeBBGOMkEQkA3FWJ/z3fb7+vv+QNPsyOSP++www75fd1NmzhWxYP17Kr8ZdzFZGQ6eVcVVngfl59xtish/jav48iDpvwOimWcD8QxqH9TD3ef/vSn/QQNJ1yg3chEIe03pwKZfaGhxtpN09vE3TSNY5rwKzdFBCSgF/GYyScEhkAImQy8OCoIGlatJoQXrl2uGIU4Rr2ms+6kPe08abB22WWXfEIjjZNGl196HFtVJ5367/KZo9NiStMWf5uL9+NIP+Xc9nV6ATEMMmMs+c5EQTpZMA3lI+azzXsz3tRYOCfeVIhjK8IglNbjeFvHIOHMstu6Nn2YdE1bP0D6ELYHHRTbfkxnRkvd/vvvX5h8ZvKBCVd+HGVkJz04swHgB8nD4FXnJ155G6Ted9X3jBsTVo3RkAtHtpo9gYKAHh+vFrRhUEEm32g3EerQjAn9F1p+YdGgiXp7VzjW5XnZNzs1J09D2feqd8OWn6rwJvF+WvJglLTH+UA4g9Rljuhk61fZMa5M5DN5n07gDxL+KOnCr8YxoyI4Hf4loE9HPozEhRllKviP9/SmAyDO22Yf2VykoDYZ0saqSkzsfUPYiAUIBgScg85KRKw+CaZBTS8OY5L3MX/wYcaJJsnO2OPuOv10ti94wQv8udxx4tCoYDacc9xjonykdS/+Pmv3qAiGOmNHlOWrYAzAsXXBbxhKB0L9whh1ZaNf+LPwPS1XcZs+DP9pP4BwzERU10R5CqqnaCmFVXwm28yitPvyl79caHeb8IPQ9/Of/9yxp/6Tn/ykt0sRT6YxQc12DLQwzNiYP7e+SbhN3cTls+mgu+u+Z9yYsIrOFgOI9iEQfbAZBvOPCOX0rYHg0Y7v9Jpq+GF7AxSrt2+yySZeQyn4Sa9d45jGx/ggaNNRdinDgVjppw9g4mEQGqb8DBJ+127HnQddpSfOB+JoWpf33ntvX45jvpgUXNJsZMQTq3y/6aab8smn2H2X9/P6OKZLbMcdtgT0cSPeQXwMpgMtssgihQFPmKUO32PhNLxr45o2dm2EOWgYadrilTiEhB133DEXzul47Txbv6c2dMBxfKi9m+Xz/FXTxjv30MFNWV42MfTUASsTCbIs/W0yYscnFYRzBAg7D93vMyyLh0mdsJI+DeWjjMdB3h133HHOjjX0Xuw0iPyeF2bJ3WvlNNmDnq6Ys5IQNHqa8FNXj5v4nwtu6tr0YdLXdd2p4slOEPF2T/huR046O20jX3XC4KMd9ebOOeecgVfSUSNFSOQHVqjRm7XwggEyVpF23313P0GA+ntbFE84pRMfZXGMq+8ZJyaxgM4WFCZMMB6HujsaaFC87zw8I6BDqLmXCeiEW0XjwjGOn7EBhu2g+++/3+8/t5Nl/DNtv51J7bXx4rGG/1jzN2j5qQlq7J8mkQddJTLOB+JoUpfPPvvsgnDONgc7IcbbTSkbA9ixsb5dIvyy77xPadSx9Lw+jknxnOVnGYmb5dwz3lktYFU8EOpnMaUCXBtWeOPwp+WexhbVuUAI1/GKKzP2sYEjrFHbWc757HjwF66jNpIhnDavSy21VCG4q666qvA81x/FyUyPAAAgAElEQVS6TD+DL1bjAmF8yY7WqhTOcTeNZSTwP+qV/eZhhSyEhcV8hKB+tOyyyxacYLBxEIrrMf5iq9GDhDOrbvu16cOkCwE9Nqg4iX5g1VVX9ave2HEIdN555zlUtEchhChOFmACgLLGKmwg6uib3vSmVutqXO+bDLon0fd0jQmr43E9D9bcY/X2VEAPBuPIG1bZ0XpAtZ39u1A/9fZJ4OgZ+98f+4rhAW2qQExMYNSxTNU5uEmvg5af1H94jsMJ77q+TjoP2kxfil+TumzHgOYssGKO4V7KeZXfNI7cc0c3Gsd0BOyEgpWAPiHg24qW1YdYvQ8V3Zg4TiceEGHUAou+c43oOGicAjGzHZOdrZk/gkdYKcxfJjfp7GryeSKP8cATBs4///yJ8DGpSBngM0gKRJ63Zb0ZQ1PxlgH2uPajaSwj/Xge5DuGnOIVcwYbHPkSD8LLwkvboCojYWV+sQgdW3nm6KIVVlihzOmcfdevTR8m4VjqXXvttXOvDCxTOxv5xw5vaMM4SSRercJQHNpMbRDHTnJkV9j7TJikE0GqLYoH3VUD8ziuSfc9XWESr3bTFkNsWYCYEApHq/kX9sd2h9CHYROBSSLqesCTb6mKcPDLddI4wgPtEZofMZ9MMKChgcZGEwrpxW2T8hPCjCfYeBer2wc3XV+nIQ/aSmOcD4TZLy/IX+wlBEI7J932Fr6F67jHCBrHBOTnxlUC+gznIystrAIHYtCDGndMNOocCxIIC8unnnpqeGztmjZ2rQXcICAmHOKzmvHyqle9quAzPl+bRjWetCg4/N9D2rD2a7zLwmj7HQJqvN8NC7LTtk++7TTH4bHCEq/KMCGDJkQbFJcPwosHYFXhx2VkGspHFZ+jvMcYTtymUNewlH25nftbRagxs28/0GWXXVY4vz68L7sef/zxhYm2phady8KaxXdN2vRh04X9jUDkY7CqHd6N64p2yoc//OFCdOT70UcfXXgXPyBgI8iHH6rUVUQ/iGppTPfee2/8ONI9quSBmvR7cdvSZt8zaUxiAZ0JH/qioA7OqnI8CRPwittvhPN4/3m/ut4VjoG3plcM5GF1PrYL8Z3vfMfBf5PFj0HLT+CLfc70gYFQtccg2ThpWvKgjTTH+UB4/epyOOknxN3VGKEfHyH+smucP3zviseyuPWufQQkoLePaSshpvsw00CZzWPgfNddd+Wf2DNbdv74G9/4xtwNN6iqNll9ve2227y13KYzw4VIWnropzpGY8Yq3zXXXJPHyIoBQkJMcUOFgaJY3T12F+6DoZvwPA1XBjwHHXRQgRX2cMZloPDxfw9Y200toJe5m4V37K+Kib3RrJjVEYaL0jPkU/dx+eBbvFKQuuWZ7QWxxkaZm7nwjokHjpuLNVIwYLbVVlsV6lycVia/0hVRBKZ+dY6V+VitnnDS/I7jmbX7Ntv0YdL+ute9LjcCiP9zzz23pz0pC5c2GFsMGIdqizC0lBodRGMj7FFO46E+hmMAudKH1VGwCh7cpPU7vB/mip2XQGjd9Ouj4rjb7HsmjQkTxssss4yHgjaBbQaBYkE8vOMajl3j/oILLsjbbjQ8sFdQR13hWBdn1TeOgvzCF75Q2EbHZMNuu+3WV9CLy88g/TJt8fLLL5+zhLZRVX0Jji699NJw28p1mvJg1AQxWRZPrPfLC+yoxO77jRFo76+99tpR2RzIf5w/eOzH47wyjhkIxClyPL91kodPET/zLCsIGfFqKAI0M3w0yAsuuGCOCwIpq1esYsWVD5UyOry48Q+e2CvGDO+dd97pX6ESz/5aZrvZo85+tdDwYNAJ4fTQQw/1gi8qMwyUU4GXgDCSwh5CVLzgKRy7wjcaClYt+MZgqWziAHcpsYeQleFADNpJEzjEe8r5fsMNNzjUjFAJDYTGADiQppRQ7w9Ex8WeuNS4CxoGCPys6MTE7DUdIvjEe+9iDBACb7755txbjAF74mMVNSwMM6lw9dVX54MUPKIGiCAOblzTdLD3j7Pew2AfIZH0kw4wYqATiNl14kGbIBYmyc+FFlqoNG/OOussf64w8cerG/BFGeE9HVkwoMeKwemnn+7fs3c4LsN0gAjH+MF/3HlQxigzfGM1IkwCsUKAkTHep1iTLvDgbFq+Q5RljlaCD7CJ6wrfqFfUlXQfNHkcGy5jxZfV4rACAm8MQOO8Jj5UM4855hiHsBNb2iZvwZV9sBiOCTRufEK8VVfUSsEe/LiP9yKDB3m74oorFlZqyBMGz2AZViLJ19DekGbqRrw3c/XVV/f7NYN7tiKg6s4WBU6RiMspmB5xxBHuwAMPLGzXAefNN9+8JykMKtjzShpQN40HVrRnrCxRD+PTKjiqDQM/+Lniiit8PoWAsTLO6gjfMPxHWQ1E+wZGfIvrQ1yHKLv4S6mrNp30Uk/hqSwPaRv4ltY5nimPlO1A+KcfofxjcTvkC/kJTieccILf1gDOtO8IICnRr9CfEGeKE+0MRP8Ub0/h3cYbb+zreDy5SltAO0M7zI+yCBFuUJ/mmTTSDrCdIl0JQ92as9IpoxBpoyzFK7qDtnM+oP/90eZjQT4Qdl/ishbex9cu+p62MYn5bXqPgT7KCUR+QLQXCI5xW+w/2B9lgLJCfWS1L2wroi9uYougCxxDPxnKL+1jOJaQ+kDZpSzFFulJD30g/QOCeiDaHgzMkjbCY9yTjluob7SZEO6oU4wvmhDbNWIbHWiS4Je+L9RdtHBom+mjOMUgJtoA6kHaPsZu+t13kQeT6Ccpp4yPwtiIiTYmDuN2IsYCfGnTw4LIjTfe6POWrUOEFYjyRF/HuAMDioFo1+ifKBdcYw2MuE+j/MUr4aFPwx+02GKLhSB7rl2NY3oi0ovxIGACn2gKELAzWzPL8Z6fVfzMGt/M1BMz68Qyq5w9bkw4yGxQUpsKE5JL/RIn/q1iZ9Z494TNdxO0Mmv0e8K3AVOp+zQdJtz3+K16YYJxaZg2CMtsP322xRZb+J91jD3urGHNzNBXVdDZBhtsUPBjDWa2/vrrZ7a6l9m5uZkJVoXvaTp4Jg9iaoqBrR7G3jIb4PeNy6yDFvyEB+tcMxvo9Pi3Bj9bb731Mtt/mZkWQWaD4x43aZrSvKEcpG7SZ1sdCaxkZrG3r3v827FHuR9uTPDq6y/FOgRgx91kJgD2+Keu8J4yAg42sOpxE9Jig/8QXH61Sake98997nMzU13M9thjjwysKIchjLIrPMQ0CXzi+NP7/fbbr5Z/0mTCaurNP5tQlNmAs9S/DTJ7/Jjgltmgtsc97YntN81M6M9sn2pmA58eN9THKrKVuh73aV5QjmMyQbSvH8KwCbPYW2aD8L7+TLAo+AkPXbXp8Jimt+w5rXPwZZNWvg0rc08+2ORYZgP+yvBNIAjJy682iVHpPsRjAkPuPr6BH9P8KvVvEz65U9uWVeqGskQ5sgm3zOyKlLYLtg0mDyfcDNrOBX9cKdf0HSFttLOmMZKZUJqZmr5vf2xiI/bSSd/TNiYFhhs+mNCQ4xDwoJ+tI7AKbsP1lFNOqfOSf+uiD7fJgh5+Al/hapOHOQ/pDeUruEuvJqClzjMTcAvuzfhpZlsVMxOms3e+852+DJsQ3uOPFyagZybwF/wTJ2O45ZZbLltyySUz+qCUj/Q5bR9LI6t42UUeTKqfNJsqBaxImx1BmZ100kmZaelkNkGY2UR8joQtHhXcgytjctMo8+0PY6O69jPkg03S5GFy06RPw69t5Sz4K3voYhxTFo/edY8A6jiiKUCgajAXKnTVlYbWZrAbpYDOgganKqyy9wg8DG7LqKlwmgqBZWGFd6mA3kSQhW+EU9M6CMGUXm2Gv9GAmwEXwnEZHqnQ2BSDNgV0Ekd4pl5YymPKNx23rV6Xuk3zZtCB66Q6ViaMEMTTtJY9M4gn3+JvZQK6reb4jjZ2V3V/yCGHZKa1UAgTt3NZQKfc0YaYoaSedJcJ6Li3FfTMVhh63FfhyiSbqTpntr8f76XUZDCTDkCnSUCvSnt4369NH0VAB1AmuGz/cOM8gS94QrAoo1EEdMJjAMyETUh/uMYCeojXVjb9hHVw0+/K5ElZWRq0nQvxh6tpJfXwG/PCpHpMXfQ9Ify2MAnhDXpNJ7GYpKgj0+YrYMfEkGmF1HnJv3WB46gCOszRZsX5H+5pL1Oi/i299NKl7oO/ugkBBMjgru5KW0pbWSawp+1jymPdcxd5MKlxhJ2A1HfSPZ1cNG2cRvizCFG1ENGlgN7FOKauPOhbdwhoD7q1cNNIb3jDG5yt3lWyhhowe/ZQA7RV4Ep38QebXfUq1e973/u8ik38Lb5HfZM9ZBhxQf0wtcYau+36Hh448gmeygj1rn333ddb6t12223LnOTvsMCKFU5U6VK1Mxyh2rT11lv7vZYYMppmMqHbH6+H6maVyhMqWah6osYKTnOJ2PZA2WAfLep9VYRhLLZpcJpBTKlaLN/AC9VAtjfE6vixP9TXUSvEoBXlZV4j2hBUiFN15SocKJtsL2Afe50aMFsEqL/sc2YfOuqAc426aNOHwQjVY+oNqrnxdow0LPKAemOrm15td5dddkmdtPJM247KeB0vISK2I6AijF2VoD4fvsVX2gRUqVHx7aIsocIdW4qP46YdoZ7EW2C67HsmjUlsLA4cqvafB4xMu8mfTR+esd6OGnkT6hLHJvFXuaHNYpzShKh/NrFfue2Pvs0mlSuDoh1hi0ZsMDZ2TPlj/MLYjS0qbdO05sEw6aRPYutTVX9mk4T5trcQvi2m+e1OsT2A8I0rfR7tDtt1qsKN3bd9r3FM24hOLrz5kP0nF71iDgjYipw79thjw6MXvDHAwj4XGlr2ekEI5ghn7HsZVUDg/HT2QrGfD4vUdJLESdgMmKeJ2FfFPnr2YDHwAQd4ZXKCBmlQYs8p1qVthtvve2Wfz6abblop7A4a/jjdU4XJR/KTvKRcsCeW/ZkM3uYF+uUvf+knIqgnlA86SdMO8ANl0s/estigDvlf13myj4y9ldQ/9k9T3qgXYU/svIBpF2lk/x57KLEvwD5n2hzKKidNsD9yLtEk2vRh8MMWCZMo2AqhrGOLgP22CFKxnYZhwu7SD/U82FZhzyaTbtR7DHg1tXkyKn+0u5TnED8Detqd1HZIHE+Xfc80YBKntcv7LnHsku8QNjZSsFvDvnVbQfYTTpRbJiyatIXs32fymX4fLBDsTV3et6Xcj4NmPQ8CRuw/xy4R40vsDTBuwrYEbWDVOJtxF0bgsCNE/Wc8waIafVmVnxDfuK4ax4wL6W7ikYDeDa4Dh1o1mBs4IHkQAkKgBwE6TVbeIAbyDGSnpRPtYVYv5gQCatPnRDYqEUJACAgBISAExo7AvKejOXaIFaEQEAKTRAArrVhJDYR1dgnnAQ1dhYAQEAJCQAgIASEgBKYJAQno05Qb4kUICIG+CLAtwayZ5kf09PNgRnUcql6BWE0XCQEhIASEgBAQAkJACAiBaURAAvo05op4EgJCoBQB9n1hjIdzs1kJ5xzTcIZ66gG7ChhrOeqoo/JPGIzifFiREBACQkAICAEhIASEgBCYRgQGt641jamYUZ4wbGXnKnruMfQRkx1d4+wYJ//KjmqotNgZ+9G9EJjrCCBwY9wPuummm5ydT+4t1dv5pd54InUG4zkYI8MAD3UsJtyPy4BUHK/u5w0E1KbPG/msVAoBISAEhIAQ6BIBGYnrEt0+YXO0zDbbbNPHlfNHcmy55ZZ93cmBEJjrCHDk0wEHHFBQWW+a5jXWWMML7XXHMzUNS+6EQBkCatPLUNE7ISAEhIAQEAJCYBAEpOI+CFpyKwSEwEQRQD39hhtucLvttpvjPNkmNP/88/uVdo5kknDeBDG5EQJCQAgIASEgBISAEJgUAlJxnxTyilcICIGhEFhmmWX83vMPfOAD7oILLnBXXnmlu+aaa/w5zpzL+ohHPMKf34wq+4Ybbuh22mknhx+REBACQkAICAEhIASEgBCYdgSk4j7tOST+hIAQEAJCQAgIASEgBISAEBACQmCeQEAq7vNENiuRQkAICAEhIASEgBAQAkJACAgBITDtCEhAn/YcEn9CQAgIASEgBISAEBACQkAICAEhME8gIAF9nshmJVIICAEhIASEgBAQAkJACAgBISAEph0BCejTnkPiTwgIASEgBISAEBACQkAICAEhIATmCQQkoM8T2axECgEhIASEgBAQAkJACAgBISAEhMC0IyABfdpzSPwJASEgBISAEBACQkAICAEhIASEwDyBgAT0eSKblUghIASEgBAQAkJACAgBISAEhIAQmHYEJKBPew6JPyEgBISAEBACQkAICAEhIASEgBCYJxCQgF6SzSeccIKbb775Sn933313iQ+9KkPg2muvdeuss4573OMe53bbbTf3l7/8pcyZ3gmBeQKBZZZZprRNOeSQQ+ZE+s8888zS9NGW/v3vf58TaZxXErHBBhuU5uXOO+88r0DQeTr/8Ic/uO233973jxtvvLH7+c9/3nmcikAICIG5h8CWW25Z2l7T95588slzL8HzSIoWmEfSqWSOGYF///vfbquttnJhQuPTn/60W2SRRdxJJ500Zk4UnRAQAkJACAiB6UJg//33d+eff75n6tvf/rYX1q+//vrpYlLcCAEhIASEwEQQ0Ar6RGCf+5HefvvtuXAeUssgRCQEhIAQEAJCYF5H4Dvf+U4BghtuuMH96U9/KrzTgxAQAkJACMybCGgFvSTfN998c692xqcLL7zQXXTRRSWu9KoOgSWWWMJjeP/99+fOVl111fy+382vf/1rd8stt7iNNtqon1N9FwIzgcDRRx/tHnjgAXffffe5t771rTPB8yBMrrvuuu7UU0/1Xj71qU+5K664YhDvcjtFCLDt4je/+Y3naK+99poizqaTlSzL3Je//GX3whe+0C244IKNmKQ/pJ8L9MxnPtM94QlPCI+6CgEhIAQaIXDAAQe4rbfe2rv92c9+5k488cTc38Mf/vD8XjezhYAE9JL8WmmllRw/6M4775SAXoJRv1ePfOQj3Wc+8xm36667eoFkjTXWcMccc0w/bx7v4447zp1++ulu7733loDeFzE5mBUEXvGKV3hW2fYxFwX0Zz3rWY4f9IMf/EACukdiNv/Y0xhIAnpAovf6n//8x5133nnuve99r0M9ncm3pgL6hz70Ib8NjAH1oosu6vvL3hj0RggIASFQj8CLXvSi3MEll1xSENDnn3/+/JtuZgsBCeizlV8zxS2DvN/97nfu97//vVtsscUa8b788svLoFQjpORICAgBISAEJokABmWHNfKI0cibbrrJ3XvvvV5A10B6kjmpuIWAEBAC04WABPTpyo85x80CCyzQWDgn8f/617/mHAZKkBAQAkJACMw9BNror572tKfNPWCUIiEgBISAEBgJARmJGwk+eRYCQkAICAEhIASEgBAQAkJACAgBIdAOAhLQ28FRoQgBISAEhIAQEAJCQAgIASEgBISAEBgJgTmn4o7K2bXXXuswvPLb3/7Wg/PEJz7RrbLKKm611VZzk9jnBR9YNMYqLlbNH/OYx7hnP/vZbr311vNng4+Ug+b5pz/9qf+x35vzx5/ylKf48Ndee+2JpHfU9HThH2M+V155pfv5z3/u/vjHP/o9f895znMclqfnm2++yihvu+02x3E4WNvF+A+WdjfccEOPcaWnPh8I66qrrnL33HOPNypEeVhyySUd+YWxoK4JLH74wx96K/mUGYh4n/e857kVVlih6+gbhw+f3/ve9xx5QB3CGumTnvQkh8HBUfl88MEHfb5isO0Pf/iDr5NgQN42tZdQlZAyfJ/61Kd6fJ/73OdWeZup92VtGvWJNo3yPAqNs36QV7TNnBhBOXjc4x7nVl55ZbfWWmv58jZKOpr45Wgt2m/6Bvouyjd9A+0S24OmnSgHHJ/5q1/9ymHJHHXtDTbYwLeT0877XXfd5dsX2uF//OMf7rGPfax7xjOe4dth6uu8Sl22u8Ngyh596ij59YhHPMI9/elPd89//vPdk5/85Mrg/vnPf7rLLrvM3XjjjT5vGQMy/lt99dVHHhN12XekCaJsMm4h7YxTSDv1i3I6KpW14W2NS8v6wGkcYwyKYRf58Ze//MWPx+644w7fB2FgmfZnzTXXdMsuu+ygLI7V/Th5n3RfPVZgQ2TWqc4J+trXvpaZleTs0Y9+dGZpK/1Z45bZ8QOZZXTjNL/jHe8ohGUDkcZ+v/SlL2UmdGXWsBbCCPzB6/7775+9+c1vLnz/xS9+0TcOqxjZEUcckZGmEF56ffzjH5/tu+++mQkhteERVuo3PJ900kne7+c+97nMBo3ZwgsvXHB72GGHFcI+/vjjC99DOFxt0qTglgfrRCvdx37D/QUXXFAII8UuuLPOwLv7+9//npmF3cyErtJ4Fl988eyTn/xkIUweLr744mzjjTcu9WOTPNkOO+yQ2cChx1/VCxM6PB/LLbdcaZjw/bCHPSwzw3rZzTffXBXMSO+tQ84OPPDAzI7yqeTBhJOMukQaA5Y77bRTT7x2pFD+PbgLV7NmnP3tb3/L7FixzATSzAZVBbfkeR3ZUWTZQQcdlJmwUvAXwue69NJLZ2eccUb23//+ty6onm/ULdqJRz3qUZVh2wAo++53v9vjt9+Lpvh+4hOfKMR98MEH9wRtx5UV3MRp5548SskmLir92LGHqfOhnpu2adttt12BF8pDHbVdP5q0C0cddVRGO5FiyzPvP/CBDwxcvurSGL7R/3zkIx/JbPBVGjfx20RB9s53vjOjba6iuraTuldG66+/fmmcCy20UJlz/y7GJ7QFNgmeveQlLym0E7E7O24sMwNolWHywayfl/JCOFdffXWpXzsZpNIP7U4T+tGPfpRtsskmleEQvx21muGujOzoz1q/MQ62MFAIgnTF3+P7j370owW3PLz2ta+tdE8bUUV2mkKpP+pFFXXZ7qZx1o05Ag7gTz7QL8Y4cW+TV9k222yT0W7EZAsgmZ2QUdl30A7aEZCxl8b3bfUdTdNOHSpLO+NJ6l6TcWJZ4pq24Wkb2iS+pn1gvzGGGRbuyfNQBhhjlhFj8+AmvYZxbJm/SeQH/aGdVJTZgkBlG0oabFIp++pXv1rGduW7b37zmwUc6toJxu8pVvFzWZvaNu9pOQvxx2P4SfXVlSCP6QOz3jNNNrPoBceQqU2uL3/5yzNbaW6U7mEE9D//+c/ZS1/60tqCX8dnv4bQZpMzm2FrHD7CCI1BFdU1UDRsCEtV/E6zgM4g0izlVvIep+n//u//PDx08DvuuGMjP7ZalP3yl7+sgjV/z0CfAXAcX909Eze2KpX7b+PmwgsvzGxlszEPMX9hUB7zUSeg2+p8VjeIrRPQv//97w9UthG2mYRpQgz8bHa6EQYMgsxCc5NgvZtR8J0FAX3UNq1OQO+iftR1+j/5yU9qheO47O++++6Ny0AThwxgbXW+URmED9MUyejjymgSAvqrX/3q7N3vfnep4BDjxj3tjWkKlbHu301CQP/85z+fmSZOI/xpK5gEZ4AbT5rWtW0pBrMioHfZ7pYVgH5jjre85S2NyphpC2am/eKj+OIXv9i47zj00EPL2Kp812bfUZf2k08+OaM/KBPM07JlGh8ZbVlTGrUN7zcuHaUPTMcY0yKgd5Efl156acbCUJqfdc9VkxJled+lgN4F79PaV5dhO+53069DZ6W2jlBduvXWWwtOeIcKEOqKnEvKUSaofgeyhtyfyW3Cd3jV2vWhhx7yarLXXXddIUzUk1BvtVkhZw20V7W2BrPgpsnDV77yFWerUw4VrphsRdGHjxowqjLEb4XJOzEBxr3mNa/xapRve9vbYm99788991xnq4l93Q3rAFzibQeosQTim3VU4dFf0+fCx+iBfEdNlLRD+EM9zIRfry5mAkPk2jkTEhzH3nz4wx/22yPCR1tt9nmGWnxQBw/fUL3jnPfLL788vCq9orpKuQhEeskvyilqrNbx5dsxcPPXv/7Vbbvttl61G7XLUenTn/6022OPPZytNheCIn5U2lAbJC3Uo1BmCg4HfLAJnaHKDOrsnOcZY8WWAlT/yQfqTdi+EljiDGLUgm1FMrwqvXLmsGkPFL6x7WWllVbyZQL1ZuJH1RgC');
INSERT INTO `thesis` (`id`, `guidance_id`, `pdf_file`, `textarea_file`) VALUES
('5f2a4d89c4007', '', '', '<ul class=\"tox-checklist\">\r\n<li>test</li>\r\n<li>test</li>\r\n<li>test</li>\r\n<li>test</li>\r\n<li>test</li>\r\n<li>test</li>\r\n</ul>'),
('5f2a4de982cb1', '', '', '<ul class=\"tox-checklist\">\r\n<li class=\"tox-checklist--checked\">test</li>\r\n<li class=\"tox-checklist--checked\">test</li>\r\n<li class=\"tox-checklist--checked\">test</li>\r\n<li class=\"\">test</li>\r\n<li class=\"\">test</li>\r\n<li class=\"\">test</li>\r\n</ul>'),
('5f2a4f2b31744', '', '', '<p><span class=\"mce-annotation tox-comment\" data-mce-annotation-uid=\"mce-conversation_26647752621596608288687\" data-mce-annotation=\"tinycomments\">test</span></p><!--tinycomments|2.1|data:application/json;base64,eyJtY2UtY29udmVyc2F0aW9uXzI2NjQ3NzUyNjIxNTk2NjA4Mjg4Njg3Ijp7InVpZCI6Im1jZS1jb252ZXJzYXRpb25fMjY2NDc3NTI2MjE1OTY2MDgyODg2ODciLCJjb21tZW50cyI6W3sidWlkIjoibWNlLWNvbnZlcnNhdGlvbl8yNjY0Nzc1MjYyMTU5NjYwODI4ODY4NyIsImF1dGhvciI6InN1bHRoYW5hbmdrYSIsImF1dGhvck5hbWUiOiJzdWx0aGFuYW5na2EiLCJjb250ZW50IjoidGVzdCBjb21tZW50IiwiY3JlYXRlZEF0IjoiMjAyMC0wOC0wNVQwNjoxODowOC42ODdaIiwibW9kaWZpZWRBdCI6IjIwMjAtMDgtMDVUMDY6MTg6MDguNjg3WiJ9XX19-->'),
('5f2ab47f0438e', '', '', '<ul class=\"tox-checklist\">\r\n<li>test</li>\r\n</ul>'),
('5f2ab4d8b3010', '', '', '<ul class=\"tox-checklist\">\r\n<li>test</li>\r\n<li>ini juga</li>\r\n</ul>'),
('5f2ab90e57016', '', '', '<ul class=\"tox-checklist\">\r\n<li>test</li>\r\n<li>ini juga</li>\r\n</ul>'),
('5f2ab9272065a', '', '', '<ul class=\"tox-checklist\">\r\n<li>test</li>\r\n<li>ini juga</li>\r\n</ul>'),
('5f2ab9375cbc0', '', '', '<ul class=\"tox-checklist\">\r\n<li>test</li>\r\n<li>ini juga</li>\r\n</ul>'),
('5f2abe48a7f82', '', '', '<ul class=\"tox-checklist\">\r\n<li class=\"tox-checklist--checked\">test</li>\r\n<li class=\"tox-checklist--checked\">ini juga</li>\r\n</ul>\r\n<p>&nbsp;</p>'),
('5f2abe6659686', '', '', '<ul class=\"tox-checklist\">\r\n<li>comment 1</li>\r\n<li class=\"\">ini juga</li>\r\n</ul>\r\n<p>&nbsp;</p>\r\n<ul class=\"tox-checklist\">\r\n<li>bentuk</li>\r\n</ul>\r\n<p>&nbsp;</p>'),
('5f2abe713cfee', '', '', '<ul class=\"tox-checklist\">\r\n<li>comment 1</li>\r\n<li class=\"\">ini juga</li>\r\n</ul>\r\n<p>&nbsp;</p>\r\n<ul class=\"tox-checklist\">\r\n<li>bentuk</li>\r\n</ul>\r\n<p>&nbsp;</p>'),
('5f2abe7cb66c2', '', '', '<ul class=\"tox-checklist\">\r\n<li>comment 1</li>\r\n<li class=\"\">ini juga</li>\r\n</ul>\r\n<p>&nbsp;</p>\r\n<ul class=\"tox-checklist\">\r\n<li>bentuk</li>\r\n</ul>\r\n<p>&nbsp;</p>'),
('5f2abe8252746', '', '', '<ul class=\"tox-checklist\">\r\n<li>comment 1</li>\r\n<li class=\"\">ini juga</li>\r\n</ul>\r\n<p>&nbsp;</p>\r\n<ul class=\"tox-checklist\">\r\n<li>bentuk</li>\r\n</ul>\r\n<p>&nbsp;</p>'),
('5f2abe9520f5c', '', '', '<ul class=\"tox-checklist\">\r\n<li>comment 1</li>\r\n<li class=\"\">ini juga</li>\r\n</ul>\r\n<p>&nbsp;</p>\r\n<ul class=\"tox-checklist\">\r\n<li>bentuk</li>\r\n</ul>\r\n<p>&nbsp;</p>'),
('5f2abeac437f5', '', '', '<ul class=\"tox-checklist\">\r\n<li>comment 1</li>\r\n<li class=\"\">ini juga</li>\r\n</ul>\r\n<p>&nbsp;</p>\r\n<ul class=\"tox-checklist\">\r\n<li>bentuk</li>\r\n</ul>\r\n<p>&nbsp;</p>'),
('5f2abec2897cf', '', '', '<ul class=\"tox-checklist\">\r\n<li>comment1</li>\r\n<li>comment 2</li>\r\n<li>comment3</li>\r\n</ul>'),
('5f2abf143f84c', '', '', '<ul class=\"tox-checklist\">\r\n<li>comment1</li>\r\n<li>comment 2</li>\r\n<li>comment3</li>\r\n</ul>');

-- --------------------------------------------------------

--
-- Struktur dari tabel `user`
--

CREATE TABLE `user` (
  `id` varchar(64) NOT NULL,
  `username` varchar(255) NOT NULL,
  `name` varchar(255) NOT NULL,
  `nim` varchar(11) NOT NULL,
  `nip` int(11) NOT NULL,
  `prodi` varchar(64) NOT NULL,
  `kode_dosen` varchar(64) NOT NULL,
  `email` varchar(255) NOT NULL,
  `images` varchar(255) NOT NULL,
  `password` varchar(255) NOT NULL,
  `salt` varchar(255) NOT NULL,
  `role_id` int(11) NOT NULL,
  `is_active` int(1) NOT NULL,
  `date_created` int(11) NOT NULL,
  `status` varchar(7) NOT NULL DEFAULT 'offline'
) ENGINE=InnoDB DEFAULT CHARSET=utf8mb4;

--
-- Dumping data untuk tabel `user`
--

INSERT INTO `user` (`id`, `username`, `name`, `nim`, `nip`, `prodi`, `kode_dosen`, `email`, `images`, `password`, `salt`, `role_id`, `is_active`, `date_created`, `status`) VALUES
('38', 'rochieko', 'Rochi Eko Pambudi', '', 0, '', '', 'snowm60401@gmail.com', 'default.jpg', 'a4dd82e95096136291c033406a6b25f598b0eb0e0444b554706b926690bbc16f', '$2y$10$zBadfaR3yj3UEYWGaFLafOUv5uP6UkMBy691b9a54fjBhKDFQ8G7q', 3, 1, 1594543149, 'online'),
('39', 'kaurlab', 'Kaur Lab ', '', 0, '', '', 'kaurlab@gmail.com', 'default.jpg', '920c3713e13b091e73d17d35bd608079fc41724eca41b415f200e338dc59c531', '$2y$10$hctmRhwo9qxeJTvtzbn/kObWapiE8JSPX6jO72QAbp1HJfe4QBwEi', 2, 1, 1594554238, 'offline'),
('44', 'ihdar', 'Rafif ihdhar', '1301174633', 0, 'DKV', '', 'snowm6040@gmail.com', '01-avatars.jpg', 'e41e13ea4344a5dab62674d6e08a24b75bf0d5bd7921c04c2a13fc80a6eda0e3', '$2y$10$sGYdQGJYGX9nCIDzkWoH3uibGxPC292Bf9nhIgO/TSkLz3Q3Sp1jO', 4, 1, 1594832402, 'offline'),
('5f1e7dc5ca07e', 'sulthanangka', 'Muhammad Sulthan Angka Kurniawan', '1301174660', 0, 'S1 Informatika', '', 'sulthan.kurniawan@gmail.com', '31194.jpg', '7e93fd68a7b5f0860784f35336a488910b3d6f2c088602a4a608e24ebeac3a36', '$2y$10$IXEl6J4l/ORTrf78B14hyewCsBz1Fyf4xM96cQPexqL.KqvJ4A2zC', 4, 1, 1595833797, 'online'),
('5f2128a43c90b', 'akathan', 'akathan', '', 0, '', '', 'sulthan.angka@gmail.com', 'default.jpg', '95b77ac94e00b2039b79d78e01ee5f941da1d074fae0a3a41636797e429bd860', '$2y$10$UdpWt4Uo/v1rlkzJxZqrdu7mlLiJbI3aRrmToglyIduVaYAsL7diG', 4, 1, 1596008612, 'offline'),
('8', 'admin', 'John Doe', '', 0, '', '', 'admin@gmail.com', 'default.jpg', 'ec54193c7b13f115a35da3282d74a295af9a72ca8f8a5ebd9655dbf8eadd8a02', '$2y$10$jb3uBvvS41mfsMHU4xaICul08WsrJzMyLpiIVT9bpx06CQQ/vmNle', 1, 1, 0, 'offline');

-- --------------------------------------------------------

--
-- Struktur dari tabel `user_role`
--

CREATE TABLE `user_role` (
  `id` int(11) NOT NULL,
  `role` varchar(128) NOT NULL
) ENGINE=InnoDB DEFAULT CHARSET=utf8mb4;

--
-- Dumping data untuk tabel `user_role`
--

INSERT INTO `user_role` (`id`, `role`) VALUES
(1, 'Administrator'),
(2, 'Kepala Urusan'),
(3, 'Dosen'),
(4, 'Mahasiswa');

-- --------------------------------------------------------

--
-- Struktur dari tabel `user_token`
--

CREATE TABLE `user_token` (
  `id` varchar(64) NOT NULL,
  `email` varchar(128) NOT NULL,
  `token` varchar(128) NOT NULL,
  `date_created` int(11) NOT NULL
) ENGINE=InnoDB DEFAULT CHARSET=utf8mb4;

--
-- Indexes for dumped tables
--

--
-- Indeks untuk tabel `booking`
--
ALTER TABLE `booking`
  ADD PRIMARY KEY (`id`);

--
-- Indeks untuk tabel `borrowing`
--
ALTER TABLE `borrowing`
  ADD PRIMARY KEY (`id`),
  ADD KEY `item_id` (`item_id`),
  ADD KEY `user_id` (`user_id`);

--
-- Indeks untuk tabel `chat`
--
ALTER TABLE `chat`
  ADD PRIMARY KEY (`id`);

--
-- Indeks untuk tabel `child_kategori`
--
ALTER TABLE `child_kategori`
  ADD PRIMARY KEY (`id_ck`);

--
-- Indeks untuk tabel `dosbing`
--
ALTER TABLE `dosbing`
  ADD PRIMARY KEY (`id`);

--
-- Indeks untuk tabel `guidance`
--
ALTER TABLE `guidance`
  ADD PRIMARY KEY (`id`);

--
-- Indeks untuk tabel `item`
--
ALTER TABLE `item`
  ADD PRIMARY KEY (`id`);

--
-- Indeks untuk tabel `kategori`
--
ALTER TABLE `kategori`
  ADD PRIMARY KEY (`id_kategori`);

--
-- Indeks untuk tabel `kategoriruangan`
--
ALTER TABLE `kategoriruangan`
  ADD PRIMARY KEY (`id`);

--
-- Indeks untuk tabel `notification`
--
ALTER TABLE `notification`
  ADD PRIMARY KEY (`id`);

--
-- Indeks untuk tabel `ruangan`
--
ALTER TABLE `ruangan`
  ADD PRIMARY KEY (`id`);

--
-- Indeks untuk tabel `schedule`
--
ALTER TABLE `schedule`
  ADD PRIMARY KEY (`schedule_id`),
  ADD KEY `room_id` (`room_id`);

--
-- Indeks untuk tabel `tampilan`
--
ALTER TABLE `tampilan`
  ADD PRIMARY KEY (`id_tampilan`);

--
-- Indeks untuk tabel `tampilan_like`
--
ALTER TABLE `tampilan_like`
  ADD PRIMARY KEY (`id`);

--
-- Indeks untuk tabel `tb_info`
--
ALTER TABLE `tb_info`
  ADD PRIMARY KEY (`id`);

--
-- Indeks untuk tabel `tb_lab`
--
ALTER TABLE `tb_lab`
  ADD PRIMARY KEY (`id`);

--
-- Indeks untuk tabel `tb_panel`
--
ALTER TABLE `tb_panel`
  ADD PRIMARY KEY (`id`);

--
-- Indeks untuk tabel `tb_slider`
--
ALTER TABLE `tb_slider`
  ADD PRIMARY KEY (`id`);

--
-- Indeks untuk tabel `thesis`
--
ALTER TABLE `thesis`
  ADD PRIMARY KEY (`id`);

--
-- Indeks untuk tabel `user`
--
ALTER TABLE `user`
  ADD PRIMARY KEY (`id`);

--
-- Indeks untuk tabel `user_role`
--
ALTER TABLE `user_role`
  ADD PRIMARY KEY (`id`);

--
-- Indeks untuk tabel `user_token`
--
ALTER TABLE `user_token`
  ADD PRIMARY KEY (`id`);

--
-- AUTO_INCREMENT untuk tabel yang dibuang
--

--
-- AUTO_INCREMENT untuk tabel `child_kategori`
--
ALTER TABLE `child_kategori`
  MODIFY `id_ck` int(11) NOT NULL AUTO_INCREMENT, AUTO_INCREMENT=5;

--
-- AUTO_INCREMENT untuk tabel `kategori`
--
ALTER TABLE `kategori`
  MODIFY `id_kategori` int(11) NOT NULL AUTO_INCREMENT, AUTO_INCREMENT=8;

--
-- AUTO_INCREMENT untuk tabel `kategoriruangan`
--
ALTER TABLE `kategoriruangan`
  MODIFY `id` int(11) NOT NULL AUTO_INCREMENT, AUTO_INCREMENT=11;

--
-- AUTO_INCREMENT untuk tabel `tampilan`
--
ALTER TABLE `tampilan`
  MODIFY `id_tampilan` int(11) NOT NULL AUTO_INCREMENT, AUTO_INCREMENT=12;

--
-- AUTO_INCREMENT untuk tabel `tampilan_like`
--
ALTER TABLE `tampilan_like`
  MODIFY `id` int(11) NOT NULL AUTO_INCREMENT, AUTO_INCREMENT=13;

--
-- AUTO_INCREMENT untuk tabel `tb_panel`
--
ALTER TABLE `tb_panel`
  MODIFY `id` int(11) NOT NULL AUTO_INCREMENT, AUTO_INCREMENT=100;
COMMIT;

/*!40101 SET CHARACTER_SET_CLIENT=@OLD_CHARACTER_SET_CLIENT */;
/*!40101 SET CHARACTER_SET_RESULTS=@OLD_CHARACTER_SET_RESULTS */;
/*!40101 SET COLLATION_CONNECTION=@OLD_COLLATION_CONNECTION */;
